image,image_path,xmin,ymin,xmax,ymax,label,confidence,x_size,y_size
DJI_0765.png,H:\Users\personal\Documents\College\Seals2\YOLO\-master\Data\Source_Images\Test_Images\DJI_0765.png,128,434,144,468,2,0.010351745411753654,1000,750
DJI_0765.png,H:\Users\personal\Documents\College\Seals2\YOLO\-master\Data\Source_Images\Test_Images\DJI_0765.png,96,482,112,498,2,0.01093960739672184,1000,750
DJI_0765.png,H:\Users\personal\Documents\College\Seals2\YOLO\-master\Data\Source_Images\Test_Images\DJI_0765.png,0,223,111,301,2,0.011251562274992466,1000,750
DJI_0765.png,H:\Users\personal\Documents\College\Seals2\YOLO\-master\Data\Source_Images\Test_Images\DJI_0765.png,384,492,402,534,2,0.011430173180997372,1000,750
DJI_0765.png,H:\Users\personal\Documents\College\Seals2\YOLO\-master\Data\Source_Images\Test_Images\DJI_0765.png,418,696,449,716,2,0.011571024544537067,1000,750
DJI_0765.png,H:\Users\personal\Documents\College\Seals2\YOLO\-master\Data\Source_Images\Test_Images\DJI_0765.png,821,502,957,583,2,0.011617469601333141,1000,750
DJI_0765.png,H:\Users\personal\Documents\College\Seals2\YOLO\-master\Data\Source_Images\Test_Images\DJI_0765.png,86,153,97,186,2,0.01166327390819788,1000,750
DJI_0765.png,H:\Users\personal\Documents\College\Seals2\YOLO\-master\Data\Source_Images\Test_Images\DJI_0765.png,308,369,341,393,2,0.01172209344804287,1000,750
DJI_0765.png,H:\Users\personal\Documents\College\Seals2\YOLO\-master\Data\Source_Images\Test_Images\DJI_0765.png,138,410,160,485,2,0.011863386258482933,1000,750
DJI_0765.png,H:\Users\personal\Documents\College\Seals2\YOLO\-master\Data\Source_Images\Test_Images\DJI_0765.png,414,384,442,402,2,0.012186434119939804,1000,750
DJI_0765.png,H:\Users\personal\Documents\College\Seals2\YOLO\-master\Data\Source_Images\Test_Images\DJI_0765.png,949,205,978,223,2,0.013034469448029995,1000,750
DJI_0765.png,H:\Users\personal\Documents\College\Seals2\YOLO\-master\Data\Source_Images\Test_Images\DJI_0765.png,326,453,349,504,2,0.014724061824381351,1000,750
DJI_0765.png,H:\Users\personal\Documents\College\Seals2\YOLO\-master\Data\Source_Images\Test_Images\DJI_0765.png,69,555,96,577,2,0.014853482134640217,1000,750
DJI_0765.png,H:\Users\personal\Documents\College\Seals2\YOLO\-master\Data\Source_Images\Test_Images\DJI_0765.png,875,702,911,728,2,0.015137559734284878,1000,750
DJI_0765.png,H:\Users\personal\Documents\College\Seals2\YOLO\-master\Data\Source_Images\Test_Images\DJI_0765.png,352,580,378,596,2,0.03123815730214119,1000,750
DJI_0765.png,H:\Users\personal\Documents\College\Seals2\YOLO\-master\Data\Source_Images\Test_Images\DJI_0765.png,222,669,254,696,2,0.04023414105176926,1000,750
DJI_0765.png,H:\Users\personal\Documents\College\Seals2\YOLO\-master\Data\Source_Images\Test_Images\DJI_0765.png,8,155,142,313,1,0.01120295561850071,1000,750
DJI_0765.png,H:\Users\personal\Documents\College\Seals2\YOLO\-master\Data\Source_Images\Test_Images\DJI_0765.png,816,446,961,587,1,0.01229786779731512,1000,750
DJI_0765.png,H:\Users\personal\Documents\College\Seals2\YOLO\-master\Data\Source_Images\Test_Images\DJI_0765.png,7,80,65,217,0,0.010395705699920654,1000,750
DJI_0765.png,H:\Users\personal\Documents\College\Seals2\YOLO\-master\Data\Source_Images\Test_Images\DJI_0765.png,772,261,800,353,0,0.010673158802092075,1000,750
DJI_0765.png,H:\Users\personal\Documents\College\Seals2\YOLO\-master\Data\Source_Images\Test_Images\DJI_0765.png,160,685,189,733,0,0.011470166966319084,1000,750
DJI_0765.png,H:\Users\personal\Documents\College\Seals2\YOLO\-master\Data\Source_Images\Test_Images\DJI_0765.png,251,436,287,465,0,0.012902973219752312,1000,750
DJI_0765.png,H:\Users\personal\Documents\College\Seals2\YOLO\-master\Data\Source_Images\Test_Images\DJI_0765.png,311,279,358,330,0,0.013156888075172901,1000,750
DJI_0765.png,H:\Users\personal\Documents\College\Seals2\YOLO\-master\Data\Source_Images\Test_Images\DJI_0765.png,634,346,669,367,0,0.013249946758151054,1000,750
DJI_0765.png,H:\Users\personal\Documents\College\Seals2\YOLO\-master\Data\Source_Images\Test_Images\DJI_0765.png,896,402,926,456,0,0.013358278200030327,1000,750
DJI_0765.png,H:\Users\personal\Documents\College\Seals2\YOLO\-master\Data\Source_Images\Test_Images\DJI_0765.png,732,94,761,144,0,0.013465441763401031,1000,750
DJI_0765.png,H:\Users\personal\Documents\College\Seals2\YOLO\-master\Data\Source_Images\Test_Images\DJI_0765.png,266,343,338,385,0,0.013902596198022366,1000,750
DJI_0765.png,H:\Users\personal\Documents\College\Seals2\YOLO\-master\Data\Source_Images\Test_Images\DJI_0765.png,748,53,906,225,0,0.015150405466556549,1000,750
DJI_0765.png,H:\Users\personal\Documents\College\Seals2\YOLO\-master\Data\Source_Images\Test_Images\DJI_0765.png,253,516,325,555,0,0.015172039158642292,1000,750
DJI_0765.png,H:\Users\personal\Documents\College\Seals2\YOLO\-master\Data\Source_Images\Test_Images\DJI_0765.png,655,494,810,659,0,0.01529916562139988,1000,750
DJI_0765.png,H:\Users\personal\Documents\College\Seals2\YOLO\-master\Data\Source_Images\Test_Images\DJI_0765.png,756,103,824,139,0,0.01601153053343296,1000,750
DJI_0765.png,H:\Users\personal\Documents\College\Seals2\YOLO\-master\Data\Source_Images\Test_Images\DJI_0765.png,157,464,311,627,0,0.01609095372259617,1000,750
DJI_0765.png,H:\Users\personal\Documents\College\Seals2\YOLO\-master\Data\Source_Images\Test_Images\DJI_0765.png,956,530,994,583,0,0.0162479467689991,1000,750
DJI_0765.png,H:\Users\personal\Documents\College\Seals2\YOLO\-master\Data\Source_Images\Test_Images\DJI_0765.png,0,304,117,472,0,0.01742919161915779,1000,750
DJI_0765.png,H:\Users\personal\Documents\College\Seals2\YOLO\-master\Data\Source_Images\Test_Images\DJI_0765.png,802,543,830,592,0,0.01747707650065422,1000,750
DJI_0765.png,H:\Users\personal\Documents\College\Seals2\YOLO\-master\Data\Source_Images\Test_Images\DJI_0765.png,916,422,970,473,0,0.020136002451181412,1000,750
DJI_0765.png,H:\Users\personal\Documents\College\Seals2\YOLO\-master\Data\Source_Images\Test_Images\DJI_0765.png,709,295,768,406,0,0.02081477642059326,1000,750
DJI_0765.png,H:\Users\personal\Documents\College\Seals2\YOLO\-master\Data\Source_Images\Test_Images\DJI_0765.png,532,496,685,657,0,0.02127430960536003,1000,750
DJI_0765.png,H:\Users\personal\Documents\College\Seals2\YOLO\-master\Data\Source_Images\Test_Images\DJI_0765.png,373,496,397,552,0,0.02733292058110237,1000,750
DJI_0765.png,H:\Users\personal\Documents\College\Seals2\YOLO\-master\Data\Source_Images\Test_Images\DJI_0765.png,786,560,931,719,0,0.02733905054628849,1000,750
DJI_0765.png,H:\Users\personal\Documents\College\Seals2\YOLO\-master\Data\Source_Images\Test_Images\DJI_0765.png,349,451,379,505,0,0.027639267966151237,1000,750
DJI_0765.png,H:\Users\personal\Documents\College\Seals2\YOLO\-master\Data\Source_Images\Test_Images\DJI_0765.png,910,204,982,245,0,0.02915438450872898,1000,750
DJI_0765.png,H:\Users\personal\Documents\College\Seals2\YOLO\-master\Data\Source_Images\Test_Images\DJI_0765.png,222,669,254,696,0,0.02935221418738365,1000,750
DJI_0765.png,H:\Users\personal\Documents\College\Seals2\YOLO\-master\Data\Source_Images\Test_Images\DJI_0765.png,947,331,997,439,0,0.03046678937971592,1000,750
DJI_0765.png,H:\Users\personal\Documents\College\Seals2\YOLO\-master\Data\Source_Images\Test_Images\DJI_0765.png,203,702,282,747,0,0.03299468755722046,1000,750
DJI_0765.png,H:\Users\personal\Documents\College\Seals2\YOLO\-master\Data\Source_Images\Test_Images\DJI_0765.png,0,190,116,341,0,0.033920977264642715,1000,750
DJI_0765.png,H:\Users\personal\Documents\College\Seals2\YOLO\-master\Data\Source_Images\Test_Images\DJI_0765.png,816,446,961,587,0,0.03547157719731331,1000,750
DJI_0765.png,H:\Users\personal\Documents\College\Seals2\YOLO\-master\Data\Source_Images\Test_Images\DJI_0765.png,468,327,506,468,0,0.03577819839119911,1000,750
DJI_0765.png,H:\Users\personal\Documents\College\Seals2\YOLO\-master\Data\Source_Images\Test_Images\DJI_0765.png,199,635,256,669,0,0.03778068348765373,1000,750
DJI_0765.png,H:\Users\personal\Documents\College\Seals2\YOLO\-master\Data\Source_Images\Test_Images\DJI_0765.png,923,155,1000,204,0,0.04348964989185333,1000,750
DJI_0765.png,H:\Users\personal\Documents\College\Seals2\YOLO\-master\Data\Source_Images\Test_Images\DJI_0765.png,742,640,777,710,0,0.04707714915275574,1000,750
DJI_0765.png,H:\Users\personal\Documents\College\Seals2\YOLO\-master\Data\Source_Images\Test_Images\DJI_0765.png,200,345,285,381,0,0.04726358875632286,1000,750
DJI_0765.png,H:\Users\personal\Documents\College\Seals2\YOLO\-master\Data\Source_Images\Test_Images\DJI_0765.png,138,410,160,485,0,0.052928682416677475,1000,750
DJI_0765.png,H:\Users\personal\Documents\College\Seals2\YOLO\-master\Data\Source_Images\Test_Images\DJI_0765.png,116,488,147,558,0,0.06370845437049866,1000,750
DJI_0765.png,H:\Users\personal\Documents\College\Seals2\YOLO\-master\Data\Source_Images\Test_Images\DJI_0765.png,912,666,975,750,0,0.07603266835212708,1000,750
DJI_0765.png,H:\Users\personal\Documents\College\Seals2\YOLO\-master\Data\Source_Images\Test_Images\DJI_0765.png,807,284,866,320,0,0.07642090320587158,1000,750
DJI_0765.png,H:\Users\personal\Documents\College\Seals2\YOLO\-master\Data\Source_Images\Test_Images\DJI_0765.png,771,337,809,403,0,0.08140525966882706,1000,750
DJI_0765.png,H:\Users\personal\Documents\College\Seals2\YOLO\-master\Data\Source_Images\Test_Images\DJI_0765.png,371,453,401,504,0,0.08825814723968506,1000,750
DJI_0765_2.png,H:\Users\personal\Documents\College\Seals2\YOLO\-master\Data\Source_Images\Test_Images\DJI_0765_2.png,119,14,156,37,2,0.010423166677355766,1000,750
DJI_0765_2.png,H:\Users\personal\Documents\College\Seals2\YOLO\-master\Data\Source_Images\Test_Images\DJI_0765_2.png,0,365,21,390,2,0.010736892931163311,1000,750
DJI_0765_2.png,H:\Users\personal\Documents\College\Seals2\YOLO\-master\Data\Source_Images\Test_Images\DJI_0765_2.png,14,500,40,523,2,0.011430121026933193,1000,750
DJI_0765_2.png,H:\Users\personal\Documents\College\Seals2\YOLO\-master\Data\Source_Images\Test_Images\DJI_0765_2.png,204,459,226,483,2,0.0126478997990489,1000,750
DJI_0765_2.png,H:\Users\personal\Documents\College\Seals2\YOLO\-master\Data\Source_Images\Test_Images\DJI_0765_2.png,15,534,43,552,2,0.01372660230845213,1000,750
DJI_0765_2.png,H:\Users\personal\Documents\College\Seals2\YOLO\-master\Data\Source_Images\Test_Images\DJI_0765_2.png,28,563,58,582,2,0.015148153528571129,1000,750
DJI_0765_2.png,H:\Users\personal\Documents\College\Seals2\YOLO\-master\Data\Source_Images\Test_Images\DJI_0765_2.png,893,385,925,403,2,0.015341557562351227,1000,750
DJI_0765_2.png,H:\Users\personal\Documents\College\Seals2\YOLO\-master\Data\Source_Images\Test_Images\DJI_0765_2.png,215,491,244,512,2,0.016274308785796165,1000,750
DJI_0765_2.png,H:\Users\personal\Documents\College\Seals2\YOLO\-master\Data\Source_Images\Test_Images\DJI_0765_2.png,635,244,668,260,2,0.01865384913980961,1000,750
DJI_0765_2.png,H:\Users\personal\Documents\College\Seals2\YOLO\-master\Data\Source_Images\Test_Images\DJI_0765_2.png,215,567,233,595,2,0.01936878263950348,1000,750
DJI_0765_2.png,H:\Users\personal\Documents\College\Seals2\YOLO\-master\Data\Source_Images\Test_Images\DJI_0765_2.png,177,136,209,155,2,0.023360081017017365,1000,750
DJI_0765_2.png,H:\Users\personal\Documents\College\Seals2\YOLO\-master\Data\Source_Images\Test_Images\DJI_0765_2.png,527,497,557,512,2,0.03942525014281273,1000,750
DJI_0765_2.png,H:\Users\personal\Documents\College\Seals2\YOLO\-master\Data\Source_Images\Test_Images\DJI_0765_2.png,231,460,282,588,1,0.011866300366818905,1000,750
DJI_0765_2.png,H:\Users\personal\Documents\College\Seals2\YOLO\-master\Data\Source_Images\Test_Images\DJI_0765_2.png,280,449,325,597,1,0.0266968235373497,1000,750
DJI_0765_2.png,H:\Users\personal\Documents\College\Seals2\YOLO\-master\Data\Source_Images\Test_Images\DJI_0765_2.png,354,386,385,437,0,0.01030101627111435,1000,750
DJI_0765_2.png,H:\Users\personal\Documents\College\Seals2\YOLO\-master\Data\Source_Images\Test_Images\DJI_0765_2.png,732,276,757,338,0,0.01043010875582695,1000,750
DJI_0765_2.png,H:\Users\personal\Documents\College\Seals2\YOLO\-master\Data\Source_Images\Test_Images\DJI_0765_2.png,0,127,88,166,0,0.01048143021762371,1000,750
DJI_0765_2.png,H:\Users\personal\Documents\College\Seals2\YOLO\-master\Data\Source_Images\Test_Images\DJI_0765_2.png,225,567,293,604,0,0.01108989305794239,1000,750
DJI_0765_2.png,H:\Users\personal\Documents\College\Seals2\YOLO\-master\Data\Source_Images\Test_Images\DJI_0765_2.png,5,0,33,22,0,0.01177794300019741,1000,750
DJI_0765_2.png,H:\Users\personal\Documents\College\Seals2\YOLO\-master\Data\Source_Images\Test_Images\DJI_0765_2.png,0,493,10,530,0,0.012333600781857967,1000,750
DJI_0765_2.png,H:\Users\personal\Documents\College\Seals2\YOLO\-master\Data\Source_Images\Test_Images\DJI_0765_2.png,86,288,124,300,0,0.013223167508840561,1000,750
DJI_0765_2.png,H:\Users\personal\Documents\College\Seals2\YOLO\-master\Data\Source_Images\Test_Images\DJI_0765_2.png,298,109,371,150,0,0.014103357680141926,1000,750
DJI_0765_2.png,H:\Users\personal\Documents\College\Seals2\YOLO\-master\Data\Source_Images\Test_Images\DJI_0765_2.png,170,96,227,135,0,0.014198527671396732,1000,750
DJI_0765_2.png,H:\Users\personal\Documents\College\Seals2\YOLO\-master\Data\Source_Images\Test_Images\DJI_0765_2.png,405,704,484,750,0,0.014879935421049595,1000,750
DJI_0765_2.png,H:\Users\personal\Documents\College\Seals2\YOLO\-master\Data\Source_Images\Test_Images\DJI_0765_2.png,106,42,155,190,0,0.014950226992368698,1000,750
DJI_0765_2.png,H:\Users\personal\Documents\College\Seals2\YOLO\-master\Data\Source_Images\Test_Images\DJI_0765_2.png,159,579,225,620,0,0.015261302702128887,1000,750
DJI_0765_2.png,H:\Users\personal\Documents\College\Seals2\YOLO\-master\Data\Source_Images\Test_Images\DJI_0765_2.png,121,215,156,233,0,0.015469457022845745,1000,750
DJI_0765_2.png,H:\Users\personal\Documents\College\Seals2\YOLO\-master\Data\Source_Images\Test_Images\DJI_0765_2.png,215,701,304,750,0,0.01768498867750168,1000,750
DJI_0765_2.png,H:\Users\personal\Documents\College\Seals2\YOLO\-master\Data\Source_Images\Test_Images\DJI_0765_2.png,2,464,152,627,0,0.020201945677399635,1000,750
DJI_0765_2.png,H:\Users\personal\Documents\College\Seals2\YOLO\-master\Data\Source_Images\Test_Images\DJI_0765_2.png,28,229,71,247,0,0.021159302443265915,1000,750
DJI_0765_2.png,H:\Users\personal\Documents\College\Seals2\YOLO\-master\Data\Source_Images\Test_Images\DJI_0765_2.png,0,18,77,58,0,0.02393191307783127,1000,750
DJI_0765_2.png,H:\Users\personal\Documents\College\Seals2\YOLO\-master\Data\Source_Images\Test_Images\DJI_0765_2.png,164,527,222,581,0,0.024582479149103165,1000,750
DJI_0765_2.png,H:\Users\personal\Documents\College\Seals2\YOLO\-master\Data\Source_Images\Test_Images\DJI_0765_2.png,174,1,217,38,0,0.027494171634316444,1000,750
DJI_0765_2.png,H:\Users\personal\Documents\College\Seals2\YOLO\-master\Data\Source_Images\Test_Images\DJI_0765_2.png,32,214,183,378,0,0.029719527810811996,1000,750
DJI_0765_2.png,H:\Users\personal\Documents\College\Seals2\YOLO\-master\Data\Source_Images\Test_Images\DJI_0765_2.png,68,430,134,492,0,0.032210640609264374,1000,750
DJI_0765_2.png,H:\Users\personal\Documents\College\Seals2\YOLO\-master\Data\Source_Images\Test_Images\DJI_0765_2.png,366,61,407,86,0,0.032326675951480865,1000,750
DJI_0765_2.png,H:\Users\personal\Documents\College\Seals2\YOLO\-master\Data\Source_Images\Test_Images\DJI_0765_2.png,78,544,156,590,0,0.040330495685338974,1000,750
DJI_0765_2.png,H:\Users\personal\Documents\College\Seals2\YOLO\-master\Data\Source_Images\Test_Images\DJI_0765_2.png,169,385,200,435,0,0.04815560206770897,1000,750
DJI_0765_2.png,H:\Users\personal\Documents\College\Seals2\YOLO\-master\Data\Source_Images\Test_Images\DJI_0765_2.png,114,1,174,44,0,0.06860227882862091,1000,750
DJI_0765_2.png,H:\Users\personal\Documents\College\Seals2\YOLO\-master\Data\Source_Images\Test_Images\DJI_0765_2.png,0,459,52,496,0,0.07013203948736191,1000,750
DJI_0765_2.png,H:\Users\personal\Documents\College\Seals2\YOLO\-master\Data\Source_Images\Test_Images\DJI_0765_2.png,231,460,282,588,0,0.07322689890861511,1000,750
DJI_0765_2.png,H:\Users\personal\Documents\College\Seals2\YOLO\-master\Data\Source_Images\Test_Images\DJI_0765_2.png,280,449,325,597,0,0.26698628067970276,1000,750
DJI_0853_APG.jpg,H:\Users\personal\Documents\College\Seals2\YOLO\-master\Data\Source_Images\Test_Images\DJI_0853_APG.jpg,1028,1941,1052,2018,2,0.010134098120033741,4000,3000
DJI_0853_APG.jpg,H:\Users\personal\Documents\College\Seals2\YOLO\-master\Data\Source_Images\Test_Images\DJI_0853_APG.jpg,2861,1936,2912,2083,2,0.01076499093323946,4000,3000
DJI_0853_APG.jpg,H:\Users\personal\Documents\College\Seals2\YOLO\-master\Data\Source_Images\Test_Images\DJI_0853_APG.jpg,2798,1031,2844,1165,2,0.01087850984185934,4000,3000
DJI_0853_APG.jpg,H:\Users\personal\Documents\College\Seals2\YOLO\-master\Data\Source_Images\Test_Images\DJI_0853_APG.jpg,2221,2389,2269,2521,2,0.011034185998141766,4000,3000
DJI_0853_APG.jpg,H:\Users\personal\Documents\College\Seals2\YOLO\-master\Data\Source_Images\Test_Images\DJI_0853_APG.jpg,796,953,844,1006,2,0.011197254061698914,4000,3000
DJI_0853_APG.jpg,H:\Users\personal\Documents\College\Seals2\YOLO\-master\Data\Source_Images\Test_Images\DJI_0853_APG.jpg,2270,815,2392,897,2,0.011398542672395706,4000,3000
DJI_0853_APG.jpg,H:\Users\personal\Documents\College\Seals2\YOLO\-master\Data\Source_Images\Test_Images\DJI_0853_APG.jpg,3793,768,3881,902,2,0.011581823229789734,4000,3000
DJI_0853_APG.jpg,H:\Users\personal\Documents\College\Seals2\YOLO\-master\Data\Source_Images\Test_Images\DJI_0853_APG.jpg,525,2160,588,2311,2,0.012256954796612263,4000,3000
DJI_0853_APG.jpg,H:\Users\personal\Documents\College\Seals2\YOLO\-master\Data\Source_Images\Test_Images\DJI_0853_APG.jpg,1029,2037,1128,2133,2,0.012609758414328098,4000,3000
DJI_0853_APG.jpg,H:\Users\personal\Documents\College\Seals2\YOLO\-master\Data\Source_Images\Test_Images\DJI_0853_APG.jpg,2351,865,2433,978,2,0.013030579313635826,4000,3000
DJI_0853_APG.jpg,H:\Users\personal\Documents\College\Seals2\YOLO\-master\Data\Source_Images\Test_Images\DJI_0853_APG.jpg,864,1119,994,1212,2,0.013599175028502941,4000,3000
DJI_0853_APG.jpg,H:\Users\personal\Documents\College\Seals2\YOLO\-master\Data\Source_Images\Test_Images\DJI_0853_APG.jpg,1901,2228,1950,2377,2,0.014549989253282547,4000,3000
DJI_0853_APG.jpg,H:\Users\personal\Documents\College\Seals2\YOLO\-master\Data\Source_Images\Test_Images\DJI_0853_APG.jpg,3522,825,3558,877,2,0.014774813316762447,4000,3000
DJI_0853_APG.jpg,H:\Users\personal\Documents\College\Seals2\YOLO\-master\Data\Source_Images\Test_Images\DJI_0853_APG.jpg,1697,302,1724,359,2,0.015125270932912827,4000,3000
DJI_0853_APG.jpg,H:\Users\personal\Documents\College\Seals2\YOLO\-master\Data\Source_Images\Test_Images\DJI_0853_APG.jpg,1327,1771,1378,1816,2,0.015212089754641056,4000,3000
DJI_0853_APG.jpg,H:\Users\personal\Documents\College\Seals2\YOLO\-master\Data\Source_Images\Test_Images\DJI_0853_APG.jpg,992,1478,1024,1552,2,0.015934666618704796,4000,3000
DJI_0853_APG.jpg,H:\Users\personal\Documents\College\Seals2\YOLO\-master\Data\Source_Images\Test_Images\DJI_0853_APG.jpg,3436,2657,3938,2956,2,0.016920076683163643,4000,3000
DJI_0853_APG.jpg,H:\Users\personal\Documents\College\Seals2\YOLO\-master\Data\Source_Images\Test_Images\DJI_0853_APG.jpg,2783,1543,2853,1652,2,0.021942725405097008,4000,3000
DJI_0853_APG.jpg,H:\Users\personal\Documents\College\Seals2\YOLO\-master\Data\Source_Images\Test_Images\DJI_0853_APG.jpg,3044,1423,3094,1476,2,0.023330653086304665,4000,3000
DJI_0853_APG.jpg,H:\Users\personal\Documents\College\Seals2\YOLO\-master\Data\Source_Images\Test_Images\DJI_0853_APG.jpg,2595,1283,2645,1434,2,0.027888530865311623,4000,3000
DJI_0853_APG.jpg,H:\Users\personal\Documents\College\Seals2\YOLO\-master\Data\Source_Images\Test_Images\DJI_0853_APG.jpg,3253,2523,3868,3000,1,0.013098657131195068,4000,3000
DJI_0853_APG.jpg,H:\Users\personal\Documents\College\Seals2\YOLO\-master\Data\Source_Images\Test_Images\DJI_0853_APG.jpg,1881,1120,2028,1204,0,0.0412977859377861,4000,3000
DJI_0853_APG.jpg,H:\Users\personal\Documents\College\Seals2\YOLO\-master\Data\Source_Images\Test_Images\DJI_0853_APG.jpg,2217,2113,2274,2238,0,0.04152217134833336,4000,3000
DJI_0853_APG.jpg,H:\Users\personal\Documents\College\Seals2\YOLO\-master\Data\Source_Images\Test_Images\DJI_0853_APG.jpg,1553,1960,1614,2068,0,0.04200993850827217,4000,3000
DJI_0853_APG.jpg,H:\Users\personal\Documents\College\Seals2\YOLO\-master\Data\Source_Images\Test_Images\DJI_0853_APG.jpg,3683,774,3847,820,0,0.04218227416276932,4000,3000
DJI_0853_APG.jpg,H:\Users\personal\Documents\College\Seals2\YOLO\-master\Data\Source_Images\Test_Images\DJI_0853_APG.jpg,3388,2258,3536,2339,0,0.042287345975637436,4000,3000
DJI_0853_APG.jpg,H:\Users\personal\Documents\College\Seals2\YOLO\-master\Data\Source_Images\Test_Images\DJI_0853_APG.jpg,1700,188,1878,352,0,0.04230358079075813,4000,3000
DJI_0853_APG.jpg,H:\Users\personal\Documents\College\Seals2\YOLO\-master\Data\Source_Images\Test_Images\DJI_0853_APG.jpg,3887,1658,4000,1701,0,0.04251011088490486,4000,3000
DJI_0853_APG.jpg,H:\Users\personal\Documents\College\Seals2\YOLO\-master\Data\Source_Images\Test_Images\DJI_0853_APG.jpg,866,2353,931,2471,0,0.042538076639175415,4000,3000
DJI_0853_APG.jpg,H:\Users\personal\Documents\College\Seals2\YOLO\-master\Data\Source_Images\Test_Images\DJI_0853_APG.jpg,2158,2300,2310,2354,0,0.04259752482175827,4000,3000
DJI_0853_APG.jpg,H:\Users\personal\Documents\College\Seals2\YOLO\-master\Data\Source_Images\Test_Images\DJI_0853_APG.jpg,2958,815,3003,960,0,0.042623572051525116,4000,3000
DJI_0853_APG.jpg,H:\Users\personal\Documents\College\Seals2\YOLO\-master\Data\Source_Images\Test_Images\DJI_0853_APG.jpg,1057,1923,1153,2032,0,0.04313723370432854,4000,3000
DJI_0853_APG.jpg,H:\Users\personal\Documents\College\Seals2\YOLO\-master\Data\Source_Images\Test_Images\DJI_0853_APG.jpg,1305,1216,1355,1326,0,0.04404625669121742,4000,3000
DJI_0853_APG.jpg,H:\Users\personal\Documents\College\Seals2\YOLO\-master\Data\Source_Images\Test_Images\DJI_0853_APG.jpg,2284,2484,2367,2598,0,0.04431143403053284,4000,3000
DJI_0853_APG.jpg,H:\Users\personal\Documents\College\Seals2\YOLO\-master\Data\Source_Images\Test_Images\DJI_0853_APG.jpg,1847,693,1930,797,0,0.04468747600913048,4000,3000
DJI_0853_APG.jpg,H:\Users\personal\Documents\College\Seals2\YOLO\-master\Data\Source_Images\Test_Images\DJI_0853_APG.jpg,3125,1370,3273,1429,0,0.04480118677020073,4000,3000
DJI_0853_APG.jpg,H:\Users\personal\Documents\College\Seals2\YOLO\-master\Data\Source_Images\Test_Images\DJI_0853_APG.jpg,498,900,544,1050,0,0.045022305101156235,4000,3000
DJI_0853_APG.jpg,H:\Users\personal\Documents\College\Seals2\YOLO\-master\Data\Source_Images\Test_Images\DJI_0853_APG.jpg,547,1461,633,1569,0,0.045158300548791885,4000,3000
DJI_0853_APG.jpg,H:\Users\personal\Documents\College\Seals2\YOLO\-master\Data\Source_Images\Test_Images\DJI_0853_APG.jpg,1154,1484,1292,1548,0,0.045401208102703094,4000,3000
DJI_0853_APG.jpg,H:\Users\personal\Documents\College\Seals2\YOLO\-master\Data\Source_Images\Test_Images\DJI_0853_APG.jpg,2040,304,2160,348,0,0.045544110238552094,4000,3000
DJI_0853_APG.jpg,H:\Users\personal\Documents\College\Seals2\YOLO\-master\Data\Source_Images\Test_Images\DJI_0853_APG.jpg,1090,2166,1147,2291,0,0.0456610769033432,4000,3000
DJI_0853_APG.jpg,H:\Users\personal\Documents\College\Seals2\YOLO\-master\Data\Source_Images\Test_Images\DJI_0853_APG.jpg,609,241,655,363,0,0.045747917145490646,4000,3000
DJI_0853_APG.jpg,H:\Users\personal\Documents\College\Seals2\YOLO\-master\Data\Source_Images\Test_Images\DJI_0853_APG.jpg,2522,1213,2570,1359,0,0.04663852974772453,4000,3000
DJI_0853_APG.jpg,H:\Users\personal\Documents\College\Seals2\YOLO\-master\Data\Source_Images\Test_Images\DJI_0853_APG.jpg,2867,2654,2923,2835,0,0.046651020646095276,4000,3000
DJI_0853_APG.jpg,H:\Users\personal\Documents\College\Seals2\YOLO\-master\Data\Source_Images\Test_Images\DJI_0853_APG.jpg,3464,1040,3523,1181,0,0.04673942178487778,4000,3000
DJI_0853_APG.jpg,H:\Users\personal\Documents\College\Seals2\YOLO\-master\Data\Source_Images\Test_Images\DJI_0853_APG.jpg,3828,411,3875,556,0,0.04703889042139053,4000,3000
DJI_0853_APG.jpg,H:\Users\personal\Documents\College\Seals2\YOLO\-master\Data\Source_Images\Test_Images\DJI_0853_APG.jpg,2270,815,2392,897,0,0.047959230840206146,4000,3000
DJI_0853_APG.jpg,H:\Users\personal\Documents\College\Seals2\YOLO\-master\Data\Source_Images\Test_Images\DJI_0853_APG.jpg,2351,865,2433,978,0,0.047963716089725494,4000,3000
DJI_0853_APG.jpg,H:\Users\personal\Documents\College\Seals2\YOLO\-master\Data\Source_Images\Test_Images\DJI_0853_APG.jpg,2239,170,2306,309,0,0.048090510070323944,4000,3000
DJI_0853_APG.jpg,H:\Users\personal\Documents\College\Seals2\YOLO\-master\Data\Source_Images\Test_Images\DJI_0853_APG.jpg,2569,1197,2650,1337,0,0.04973835125565529,4000,3000
DJI_0853_APG.jpg,H:\Users\personal\Documents\College\Seals2\YOLO\-master\Data\Source_Images\Test_Images\DJI_0853_APG.jpg,966,137,1015,330,0,0.04974657669663429,4000,3000
DJI_0853_APG.jpg,H:\Users\personal\Documents\College\Seals2\YOLO\-master\Data\Source_Images\Test_Images\DJI_0853_APG.jpg,2611,1121,2782,1174,0,0.050034429877996445,4000,3000
DJI_0853_APG.jpg,H:\Users\personal\Documents\College\Seals2\YOLO\-master\Data\Source_Images\Test_Images\DJI_0853_APG.jpg,2357,249,2492,349,0,0.050953272730112076,4000,3000
DJI_0853_APG.jpg,H:\Users\personal\Documents\College\Seals2\YOLO\-master\Data\Source_Images\Test_Images\DJI_0853_APG.jpg,2537,493,2670,600,0,0.051029521971940994,4000,3000
DJI_0853_APG.jpg,H:\Users\personal\Documents\College\Seals2\YOLO\-master\Data\Source_Images\Test_Images\DJI_0853_APG.jpg,2172,1899,2310,1949,0,0.05113409832119942,4000,3000
DJI_0853_APG.jpg,H:\Users\personal\Documents\College\Seals2\YOLO\-master\Data\Source_Images\Test_Images\DJI_0853_APG.jpg,1582,2172,1701,2221,0,0.05115353688597679,4000,3000
DJI_0853_APG.jpg,H:\Users\personal\Documents\College\Seals2\YOLO\-master\Data\Source_Images\Test_Images\DJI_0853_APG.jpg,3047,1111,3182,1164,0,0.05281609669327736,4000,3000
DJI_0853_APG.jpg,H:\Users\personal\Documents\College\Seals2\YOLO\-master\Data\Source_Images\Test_Images\DJI_0853_APG.jpg,1045,1192,1109,1326,0,0.053118232637643814,4000,3000
DJI_0853_APG.jpg,H:\Users\personal\Documents\College\Seals2\YOLO\-master\Data\Source_Images\Test_Images\DJI_0853_APG.jpg,1386,2545,1453,2650,0,0.05396711081266403,4000,3000
DJI_0853_APG.jpg,H:\Users\personal\Documents\College\Seals2\YOLO\-master\Data\Source_Images\Test_Images\DJI_0853_APG.jpg,519,1873,580,2014,0,0.054514072835445404,4000,3000
DJI_0853_APG.jpg,H:\Users\personal\Documents\College\Seals2\YOLO\-master\Data\Source_Images\Test_Images\DJI_0853_APG.jpg,826,1847,877,1983,0,0.05464158207178116,4000,3000
DJI_0853_APG.jpg,H:\Users\personal\Documents\College\Seals2\YOLO\-master\Data\Source_Images\Test_Images\DJI_0853_APG.jpg,1331,832,1377,954,0,0.055547717958688736,4000,3000
DJI_0853_APG.jpg,H:\Users\personal\Documents\College\Seals2\YOLO\-master\Data\Source_Images\Test_Images\DJI_0853_APG.jpg,985,1318,1033,1439,0,0.05565096065402031,4000,3000
DJI_0853_APG.jpg,H:\Users\personal\Documents\College\Seals2\YOLO\-master\Data\Source_Images\Test_Images\DJI_0853_APG.jpg,1524,2096,1689,2144,0,0.05739286541938782,4000,3000
DJI_0853_APG.jpg,H:\Users\personal\Documents\College\Seals2\YOLO\-master\Data\Source_Images\Test_Images\DJI_0853_APG.jpg,2524,994,2574,1151,0,0.05782879889011383,4000,3000
DJI_0853_APG.jpg,H:\Users\personal\Documents\College\Seals2\YOLO\-master\Data\Source_Images\Test_Images\DJI_0853_APG.jpg,2640,1715,2689,1870,0,0.058590129017829895,4000,3000
DJI_0853_APG.jpg,H:\Users\personal\Documents\College\Seals2\YOLO\-master\Data\Source_Images\Test_Images\DJI_0853_APG.jpg,1739,940,1875,1012,0,0.059279367327690125,4000,3000
DJI_0853_APG.jpg,H:\Users\personal\Documents\College\Seals2\YOLO\-master\Data\Source_Images\Test_Images\DJI_0853_APG.jpg,2178,1727,2225,1863,0,0.05935008078813553,4000,3000
DJI_0853_APG.jpg,H:\Users\personal\Documents\College\Seals2\YOLO\-master\Data\Source_Images\Test_Images\DJI_0853_APG.jpg,1644,250,1696,399,0,0.059914134442806244,4000,3000
DJI_0853_APG.jpg,H:\Users\personal\Documents\College\Seals2\YOLO\-master\Data\Source_Images\Test_Images\DJI_0853_APG.jpg,3094,1416,3186,1561,0,0.06084010377526283,4000,3000
DJI_0853_APG.jpg,H:\Users\personal\Documents\College\Seals2\YOLO\-master\Data\Source_Images\Test_Images\DJI_0853_APG.jpg,1765,12,1884,76,0,0.06232514604926109,4000,3000
DJI_0853_APG.jpg,H:\Users\personal\Documents\College\Seals2\YOLO\-master\Data\Source_Images\Test_Images\DJI_0853_APG.jpg,487,1617,606,1728,0,0.06343848258256912,4000,3000
DJI_0853_APG.jpg,H:\Users\personal\Documents\College\Seals2\YOLO\-master\Data\Source_Images\Test_Images\DJI_0853_APG.jpg,3348,959,3496,1072,0,0.0640319362282753,4000,3000
DJI_0853_APG.jpg,H:\Users\personal\Documents\College\Seals2\YOLO\-master\Data\Source_Images\Test_Images\DJI_0853_APG.jpg,1149,2040,1205,2174,0,0.06420768052339554,4000,3000
DJI_0853_APG.jpg,H:\Users\personal\Documents\College\Seals2\YOLO\-master\Data\Source_Images\Test_Images\DJI_0853_APG.jpg,2953,1848,3026,1989,0,0.06474380195140839,4000,3000
DJI_0853_APG.jpg,H:\Users\personal\Documents\College\Seals2\YOLO\-master\Data\Source_Images\Test_Images\DJI_0853_APG.jpg,1112,1760,1236,1830,0,0.06675272434949875,4000,3000
DJI_0853_APG.jpg,H:\Users\personal\Documents\College\Seals2\YOLO\-master\Data\Source_Images\Test_Images\DJI_0853_APG.jpg,1011,1074,1065,1206,0,0.06732897460460663,4000,3000
DJI_0853_APG.jpg,H:\Users\personal\Documents\College\Seals2\YOLO\-master\Data\Source_Images\Test_Images\DJI_0853_APG.jpg,769,2308,813,2456,0,0.06752001494169235,4000,3000
DJI_0853_APG.jpg,H:\Users\personal\Documents\College\Seals2\YOLO\-master\Data\Source_Images\Test_Images\DJI_0853_APG.jpg,2171,783,2231,929,0,0.06792394816875458,4000,3000
DJI_0853_APG.jpg,H:\Users\personal\Documents\College\Seals2\YOLO\-master\Data\Source_Images\Test_Images\DJI_0853_APG.jpg,2390,2889,2513,2962,0,0.06848636269569397,4000,3000
DJI_0853_APG.jpg,H:\Users\personal\Documents\College\Seals2\YOLO\-master\Data\Source_Images\Test_Images\DJI_0853_APG.jpg,2234,1036,2308,1177,0,0.07058511674404144,4000,3000
DJI_0853_APG.jpg,H:\Users\personal\Documents\College\Seals2\YOLO\-master\Data\Source_Images\Test_Images\DJI_0853_APG.jpg,525,2160,588,2311,0,0.07065112888813019,4000,3000
DJI_0853_APG.jpg,H:\Users\personal\Documents\College\Seals2\YOLO\-master\Data\Source_Images\Test_Images\DJI_0853_APG.jpg,611,1117,684,1275,0,0.07078205049037933,4000,3000
DJI_0853_APG.jpg,H:\Users\personal\Documents\College\Seals2\YOLO\-master\Data\Source_Images\Test_Images\DJI_0853_APG.jpg,2162,403,2237,548,0,0.07185999304056168,4000,3000
DJI_0853_APG.jpg,H:\Users\personal\Documents\College\Seals2\YOLO\-master\Data\Source_Images\Test_Images\DJI_0853_APG.jpg,2857,1514,2976,1599,0,0.07210713624954224,4000,3000
DJI_0853_APG.jpg,H:\Users\personal\Documents\College\Seals2\YOLO\-master\Data\Source_Images\Test_Images\DJI_0853_APG.jpg,937,1899,1088,1946,0,0.07322511076927185,4000,3000
DJI_0853_APG.jpg,H:\Users\personal\Documents\College\Seals2\YOLO\-master\Data\Source_Images\Test_Images\DJI_0853_APG.jpg,1029,2037,1128,2133,0,0.07343345880508423,4000,3000
DJI_0853_APG.jpg,H:\Users\personal\Documents\College\Seals2\YOLO\-master\Data\Source_Images\Test_Images\DJI_0853_APG.jpg,694,2088,773,2185,0,0.07358603924512863,4000,3000
DJI_0853_APG.jpg,H:\Users\personal\Documents\College\Seals2\YOLO\-master\Data\Source_Images\Test_Images\DJI_0853_APG.jpg,825,1341,974,1394,0,0.07449376583099365,4000,3000
DJI_0853_APG.jpg,H:\Users\personal\Documents\College\Seals2\YOLO\-master\Data\Source_Images\Test_Images\DJI_0853_APG.jpg,2778,1163,2938,1232,0,0.07471376657485962,4000,3000
DJI_0853_APG.jpg,H:\Users\personal\Documents\College\Seals2\YOLO\-master\Data\Source_Images\Test_Images\DJI_0853_APG.jpg,1385,1792,1444,1933,0,0.07680954784154892,4000,3000
DJI_0853_APG.jpg,H:\Users\personal\Documents\College\Seals2\YOLO\-master\Data\Source_Images\Test_Images\DJI_0853_APG.jpg,941,820,1076,887,0,0.0775635838508606,4000,3000
DJI_0853_APG.jpg,H:\Users\personal\Documents\College\Seals2\YOLO\-master\Data\Source_Images\Test_Images\DJI_0853_APG.jpg,2861,1936,2912,2083,0,0.07769593596458435,4000,3000
DJI_0853_APG.jpg,H:\Users\personal\Documents\College\Seals2\YOLO\-master\Data\Source_Images\Test_Images\DJI_0853_APG.jpg,2936,2476,2990,2609,0,0.07772672921419144,4000,3000
DJI_0853_APG.jpg,H:\Users\personal\Documents\College\Seals2\YOLO\-master\Data\Source_Images\Test_Images\DJI_0853_APG.jpg,1199,269,1252,402,0,0.07928618788719177,4000,3000
DJI_0853_APG.jpg,H:\Users\personal\Documents\College\Seals2\YOLO\-master\Data\Source_Images\Test_Images\DJI_0853_APG.jpg,1745,2691,1799,2839,0,0.08078820258378983,4000,3000
DJI_0853_APG.jpg,H:\Users\personal\Documents\College\Seals2\YOLO\-master\Data\Source_Images\Test_Images\DJI_0853_APG.jpg,2347,2731,2440,2867,0,0.08095194399356842,4000,3000
DJI_0853_APG.jpg,H:\Users\personal\Documents\College\Seals2\YOLO\-master\Data\Source_Images\Test_Images\DJI_0853_APG.jpg,1596,1290,1682,1445,0,0.08127852529287338,4000,3000
DJI_0853_APG.jpg,H:\Users\personal\Documents\College\Seals2\YOLO\-master\Data\Source_Images\Test_Images\DJI_0853_APG.jpg,2700,959,2843,1018,0,0.08147148787975311,4000,3000
DJI_0853_APG.jpg,H:\Users\personal\Documents\College\Seals2\YOLO\-master\Data\Source_Images\Test_Images\DJI_0853_APG.jpg,1499,115,1582,223,0,0.08150826394557953,4000,3000
DJI_0853_APG.jpg,H:\Users\personal\Documents\College\Seals2\YOLO\-master\Data\Source_Images\Test_Images\DJI_0853_APG.jpg,2383,2210,2444,2330,0,0.08190906792879105,4000,3000
DJI_0853_APG.jpg,H:\Users\personal\Documents\College\Seals2\YOLO\-master\Data\Source_Images\Test_Images\DJI_0853_APG.jpg,1761,621,1894,718,0,0.08282001316547394,4000,3000
DJI_0853_APG.jpg,H:\Users\personal\Documents\College\Seals2\YOLO\-master\Data\Source_Images\Test_Images\DJI_0853_APG.jpg,1021,1571,1201,1644,0,0.08382342755794525,4000,3000
DJI_0853_APG.jpg,H:\Users\personal\Documents\College\Seals2\YOLO\-master\Data\Source_Images\Test_Images\DJI_0853_APG.jpg,2279,1053,2437,1101,0,0.08454377204179764,4000,3000
DJI_0853_APG.jpg,H:\Users\personal\Documents\College\Seals2\YOLO\-master\Data\Source_Images\Test_Images\DJI_0853_APG.jpg,1707,739,1837,796,0,0.0849534347653389,4000,3000
DJI_0853_APG.jpg,H:\Users\personal\Documents\College\Seals2\YOLO\-master\Data\Source_Images\Test_Images\DJI_0853_APG.jpg,844,1210,1001,1263,0,0.08679799735546112,4000,3000
DJI_0853_APG.jpg,H:\Users\personal\Documents\College\Seals2\YOLO\-master\Data\Source_Images\Test_Images\DJI_0853_APG.jpg,2561,2266,2710,2349,0,0.08837395906448364,4000,3000
DJI_0853_APG.jpg,H:\Users\personal\Documents\College\Seals2\YOLO\-master\Data\Source_Images\Test_Images\DJI_0853_APG.jpg,701,2844,764,2995,0,0.08847326785326004,4000,3000
DJI_0853_APG.jpg,H:\Users\personal\Documents\College\Seals2\YOLO\-master\Data\Source_Images\Test_Images\DJI_0853_APG.jpg,873,686,917,790,0,0.08980488777160645,4000,3000
DJI_0853_APG.jpg,H:\Users\personal\Documents\College\Seals2\YOLO\-master\Data\Source_Images\Test_Images\DJI_0853_APG.jpg,1026,1395,1149,1459,0,0.08981960266828537,4000,3000
DJI_0853_APG.jpg,H:\Users\personal\Documents\College\Seals2\YOLO\-master\Data\Source_Images\Test_Images\DJI_0853_APG.jpg,1360,997,1413,1157,0,0.0902399942278862,4000,3000
DJI_0853_APG.jpg,H:\Users\personal\Documents\College\Seals2\YOLO\-master\Data\Source_Images\Test_Images\DJI_0853_APG.jpg,864,1119,994,1212,0,0.09247910976409912,4000,3000
DJI_0853_APG.jpg,H:\Users\personal\Documents\College\Seals2\YOLO\-master\Data\Source_Images\Test_Images\DJI_0853_APG.jpg,864,969,977,1061,0,0.0935312807559967,4000,3000
DJI_0853_APG.jpg,H:\Users\personal\Documents\College\Seals2\YOLO\-master\Data\Source_Images\Test_Images\DJI_0853_APG.jpg,1214,745,1261,896,0,0.09560710191726685,4000,3000
DJI_0853_APG.jpg,H:\Users\personal\Documents\College\Seals2\YOLO\-master\Data\Source_Images\Test_Images\DJI_0853_APG.jpg,422,2807,555,2993,0,0.09591048210859299,4000,3000
DJI_0853_APG.jpg,H:\Users\personal\Documents\College\Seals2\YOLO\-master\Data\Source_Images\Test_Images\DJI_0853_APG.jpg,2765,2515,2880,2592,0,0.10596324503421783,4000,3000
DJI_0853_APG.jpg,H:\Users\personal\Documents\College\Seals2\YOLO\-master\Data\Source_Images\Test_Images\DJI_0853_APG.jpg,2147,1193,2265,1270,0,0.11237619817256927,4000,3000
DJI_0853_APG.jpg,H:\Users\personal\Documents\College\Seals2\YOLO\-master\Data\Source_Images\Test_Images\DJI_0853_APG.jpg,2044,1712,2166,1761,0,0.11726123839616776,4000,3000
DJI_0853_APG.jpg,H:\Users\personal\Documents\College\Seals2\YOLO\-master\Data\Source_Images\Test_Images\DJI_0853_APG.jpg,736,1891,786,2026,0,0.1210046336054802,4000,3000
DJI_0853_APG.jpg,H:\Users\personal\Documents\College\Seals2\YOLO\-master\Data\Source_Images\Test_Images\DJI_0853_APG.jpg,1901,2228,1950,2377,0,0.13825519382953644,4000,3000
DJI_0853_APG.jpg,H:\Users\personal\Documents\College\Seals2\YOLO\-master\Data\Source_Images\Test_Images\DJI_0853_APG.jpg,1509,934,1654,1025,0,0.14986497163772583,4000,3000
DJI_0853_APG_13.png,H:\Users\personal\Documents\College\Seals2\YOLO\-master\Data\Source_Images\Test_Images\DJI_0853_APG_13.png,800,132,821,154,2,0.010614121332764626,1000,750
DJI_0853_APG_13.png,H:\Users\personal\Documents\College\Seals2\YOLO\-master\Data\Source_Images\Test_Images\DJI_0853_APG_13.png,668,15,683,58,2,0.010652515105903149,1000,750
DJI_0853_APG_13.png,H:\Users\personal\Documents\College\Seals2\YOLO\-master\Data\Source_Images\Test_Images\DJI_0853_APG_13.png,715,149,776,181,2,0.01102935429662466,1000,750
DJI_0853_APG_13.png,H:\Users\personal\Documents\College\Seals2\YOLO\-master\Data\Source_Images\Test_Images\DJI_0853_APG_13.png,749,507,774,532,2,0.01635076105594635,1000,750
DJI_0853_APG_13.png,H:\Users\personal\Documents\College\Seals2\YOLO\-master\Data\Source_Images\Test_Images\DJI_0853_APG_13.png,542,108,576,123,2,0.017591090872883797,1000,750
DJI_0853_APG_13.png,H:\Users\personal\Documents\College\Seals2\YOLO\-master\Data\Source_Images\Test_Images\DJI_0853_APG_13.png,858,363,887,379,2,0.022017022594809532,1000,750
DJI_0853_APG_13.png,H:\Users\personal\Documents\College\Seals2\YOLO\-master\Data\Source_Images\Test_Images\DJI_0853_APG_13.png,167,674,184,693,2,0.022694056853652,1000,750
DJI_0853_APG_13.png,H:\Users\personal\Documents\College\Seals2\YOLO\-master\Data\Source_Images\Test_Images\DJI_0853_APG_13.png,496,706,511,742,2,0.02283887192606926,1000,750
DJI_0853_APG_13.png,H:\Users\personal\Documents\College\Seals2\YOLO\-master\Data\Source_Images\Test_Images\DJI_0853_APG_13.png,902,113,914,128,2,0.02464280277490616,1000,750
DJI_0853_APG_13.png,H:\Users\personal\Documents\College\Seals2\YOLO\-master\Data\Source_Images\Test_Images\DJI_0853_APG_13.png,208,87,246,242,0,0.01081018801778555,1000,750
DJI_0853_APG_13.png,H:\Users\personal\Documents\College\Seals2\YOLO\-master\Data\Source_Images\Test_Images\DJI_0853_APG_13.png,712,342,742,397,0,0.011213025078177452,1000,750
DJI_0853_APG_13.png,H:\Users\personal\Documents\College\Seals2\YOLO\-master\Data\Source_Images\Test_Images\DJI_0853_APG_13.png,494,604,522,689,0,0.011369924992322922,1000,750
DJI_0853_APG_13.png,H:\Users\personal\Documents\College\Seals2\YOLO\-master\Data\Source_Images\Test_Images\DJI_0853_APG_13.png,459,610,493,721,0,0.011377835646271706,1000,750
DJI_0853_APG_13.png,H:\Users\personal\Documents\College\Seals2\YOLO\-master\Data\Source_Images\Test_Images\DJI_0853_APG_13.png,991,592,999,634,0,0.012184197083115578,1000,750
DJI_0853_APG_13.png,H:\Users\personal\Documents\College\Seals2\YOLO\-master\Data\Source_Images\Test_Images\DJI_0853_APG_13.png,667,156,685,180,0,0.01249306183308363,1000,750
DJI_0853_APG_13.png,H:\Users\personal\Documents\College\Seals2\YOLO\-master\Data\Source_Images\Test_Images\DJI_0853_APG_13.png,532,0,601,50,0,0.013175648637115955,1000,750
DJI_0853_APG_13.png,H:\Users\personal\Documents\College\Seals2\YOLO\-master\Data\Source_Images\Test_Images\DJI_0853_APG_13.png,668,19,692,59,0,0.01610899530351162,1000,750
DJI_0853_APG_13.png,H:\Users\personal\Documents\College\Seals2\YOLO\-master\Data\Source_Images\Test_Images\DJI_0853_APG_13.png,847,541,915,599,0,0.017157860100269318,1000,750
DJI_0853_APG_13.png,H:\Users\personal\Documents\College\Seals2\YOLO\-master\Data\Source_Images\Test_Images\DJI_0853_APG_13.png,569,220,666,264,0,0.019002076238393784,1000,750
DJI_0853_APG_13.png,H:\Users\personal\Documents\College\Seals2\YOLO\-master\Data\Source_Images\Test_Images\DJI_0853_APG_13.png,663,0,735,27,0,0.021531792357563972,1000,750
DJI_0853_APG_13.png,H:\Users\personal\Documents\College\Seals2\YOLO\-master\Data\Source_Images\Test_Images\DJI_0853_APG_13.png,412,198,476,255,0,0.022530589252710342,1000,750
DJI_0853_APG_13.png,H:\Users\personal\Documents\College\Seals2\YOLO\-master\Data\Source_Images\Test_Images\DJI_0853_APG_13.png,667,188,696,239,0,0.02273748442530632,1000,750
DJI_0853_APG_13.png,H:\Users\personal\Documents\College\Seals2\YOLO\-master\Data\Source_Images\Test_Images\DJI_0853_APG_13.png,851,519,904,551,0,0.025398029014468193,1000,750
DJI_0853_APG_13.png,H:\Users\personal\Documents\College\Seals2\YOLO\-master\Data\Source_Images\Test_Images\DJI_0853_APG_13.png,819,333,861,348,0,0.02609858848154545,1000,750
DJI_0853_APG_13.png,H:\Users\personal\Documents\College\Seals2\YOLO\-master\Data\Source_Images\Test_Images\DJI_0853_APG_13.png,858,367,900,387,0,0.02630072459578514,1000,750
DJI_0853_APG_13.png,H:\Users\personal\Documents\College\Seals2\YOLO\-master\Data\Source_Images\Test_Images\DJI_0853_APG_13.png,555,153,618,200,0,0.03721887990832329,1000,750
DJI_0853_APG_13.png,H:\Users\personal\Documents\College\Seals2\YOLO\-master\Data\Source_Images\Test_Images\DJI_0853_APG_13.png,761,0,815,47,0,0.0380454882979393,1000,750
DJI_0853_APG_13.png,H:\Users\personal\Documents\College\Seals2\YOLO\-master\Data\Source_Images\Test_Images\DJI_0853_APG_13.png,963,228,1000,247,0,0.04180574044585228,1000,750
DJI_0853_APG_13.png,H:\Users\personal\Documents\College\Seals2\YOLO\-master\Data\Source_Images\Test_Images\DJI_0853_APG_13.png,749,507,774,532,0,0.043342746794223785,1000,750
DJI_0853_APG_13.png,H:\Users\personal\Documents\College\Seals2\YOLO\-master\Data\Source_Images\Test_Images\DJI_0853_APG_13.png,709,619,747,738,0,0.04945919290184975,1000,750
DJI_0853_APG_13.png,H:\Users\personal\Documents\College\Seals2\YOLO\-master\Data\Source_Images\Test_Images\DJI_0853_APG_13.png,872,41,914,60,0,0.05116334557533264,1000,750
DJI_0853_APG_13.png,H:\Users\personal\Documents\College\Seals2\YOLO\-master\Data\Source_Images\Test_Images\DJI_0853_APG_13.png,673,285,717,414,0,0.054532743990421295,1000,750
DJI_0853_APG_13.png,H:\Users\personal\Documents\College\Seals2\YOLO\-master\Data\Source_Images\Test_Images\DJI_0853_APG_13.png,915,694,945,750,0,0.07440943270921707,1000,750
DJI_0853_APG_13.png,H:\Users\personal\Documents\College\Seals2\YOLO\-master\Data\Source_Images\Test_Images\DJI_0853_APG_13.png,873,114,920,218,0,0.07520373165607452,1000,750
DJI_0853_APG_13.png,H:\Users\personal\Documents\College\Seals2\YOLO\-master\Data\Source_Images\Test_Images\DJI_0853_APG_13.png,779,517,854,553,0,0.09453941881656647,1000,750
DJI_0853_APG_13.png,H:\Users\personal\Documents\College\Seals2\YOLO\-master\Data\Source_Images\Test_Images\DJI_0853_APG_13.png,855,603,883,665,0,0.09820891916751862,1000,750
DJI_0853_APG_13.png,H:\Users\personal\Documents\College\Seals2\YOLO\-master\Data\Source_Images\Test_Images\DJI_0853_APG_13.png,715,149,776,181,0,0.15929411351680756,1000,750
DJI_0853_APG_13.png,H:\Users\personal\Documents\College\Seals2\YOLO\-master\Data\Source_Images\Test_Images\DJI_0853_APG_13.png,761,53,809,188,0,0.15957924723625183,1000,750
DJI_0999_1.jpg,H:\Users\personal\Documents\College\Seals2\YOLO\-master\Data\Source_Images\Test_Images\DJI_0999_1.jpg,364,30,397,55,2,0.010213668458163738,1000,750
DJI_0999_1.jpg,H:\Users\personal\Documents\College\Seals2\YOLO\-master\Data\Source_Images\Test_Images\DJI_0999_1.jpg,624,534,661,553,2,0.010270612314343452,1000,750
DJI_0999_1.jpg,H:\Users\personal\Documents\College\Seals2\YOLO\-master\Data\Source_Images\Test_Images\DJI_0999_1.jpg,732,343,761,365,2,0.010836713947355747,1000,750
DJI_0999_1.jpg,H:\Users\personal\Documents\College\Seals2\YOLO\-master\Data\Source_Images\Test_Images\DJI_0999_1.jpg,414,215,439,275,2,0.010842613875865936,1000,750
DJI_0999_1.jpg,H:\Users\personal\Documents\College\Seals2\YOLO\-master\Data\Source_Images\Test_Images\DJI_0999_1.jpg,134,425,152,453,2,0.011112852022051811,1000,750
DJI_0999_1.jpg,H:\Users\personal\Documents\College\Seals2\YOLO\-master\Data\Source_Images\Test_Images\DJI_0999_1.jpg,148,628,172,643,2,0.011114508844912052,1000,750
DJI_0999_1.jpg,H:\Users\personal\Documents\College\Seals2\YOLO\-master\Data\Source_Images\Test_Images\DJI_0999_1.jpg,855,54,889,81,2,0.011483757756650448,1000,750
DJI_0999_1.jpg,H:\Users\personal\Documents\College\Seals2\YOLO\-master\Data\Source_Images\Test_Images\DJI_0999_1.jpg,66,675,81,706,2,0.012756275944411755,1000,750
DJI_0999_1.jpg,H:\Users\personal\Documents\College\Seals2\YOLO\-master\Data\Source_Images\Test_Images\DJI_0999_1.jpg,486,539,502,574,2,0.012931372970342636,1000,750
DJI_0999_1.jpg,H:\Users\personal\Documents\College\Seals2\YOLO\-master\Data\Source_Images\Test_Images\DJI_0999_1.jpg,245,562,278,588,2,0.013178164139389992,1000,750
DJI_0999_1.jpg,H:\Users\personal\Documents\College\Seals2\YOLO\-master\Data\Source_Images\Test_Images\DJI_0999_1.jpg,932,610,949,634,2,0.01330700796097517,1000,750
DJI_0999_1.jpg,H:\Users\personal\Documents\College\Seals2\YOLO\-master\Data\Source_Images\Test_Images\DJI_0999_1.jpg,781,623,794,669,2,0.014007746241986752,1000,750
DJI_0999_1.jpg,H:\Users\personal\Documents\College\Seals2\YOLO\-master\Data\Source_Images\Test_Images\DJI_0999_1.jpg,944,611,969,632,2,0.014061491005122662,1000,750
DJI_0999_1.jpg,H:\Users\personal\Documents\College\Seals2\YOLO\-master\Data\Source_Images\Test_Images\DJI_0999_1.jpg,580,533,597,553,2,0.0145718427374959,1000,750
DJI_0999_1.jpg,H:\Users\personal\Documents\College\Seals2\YOLO\-master\Data\Source_Images\Test_Images\DJI_0999_1.jpg,232,487,248,522,2,0.014627336524426937,1000,750
DJI_0999_1.jpg,H:\Users\personal\Documents\College\Seals2\YOLO\-master\Data\Source_Images\Test_Images\DJI_0999_1.jpg,48,495,82,509,2,0.015997447073459625,1000,750
DJI_0999_1.jpg,H:\Users\personal\Documents\College\Seals2\YOLO\-master\Data\Source_Images\Test_Images\DJI_0999_1.jpg,385,662,406,691,2,0.016618160530924797,1000,750
DJI_0999_1.jpg,H:\Users\personal\Documents\College\Seals2\YOLO\-master\Data\Source_Images\Test_Images\DJI_0999_1.jpg,199,661,213,672,2,0.016739804297685623,1000,750
DJI_0999_1.jpg,H:\Users\personal\Documents\College\Seals2\YOLO\-master\Data\Source_Images\Test_Images\DJI_0999_1.jpg,500,450,518,476,2,0.017225364223122597,1000,750
DJI_0999_1.jpg,H:\Users\personal\Documents\College\Seals2\YOLO\-master\Data\Source_Images\Test_Images\DJI_0999_1.jpg,742,622,752,667,2,0.01825306937098503,1000,750
DJI_0999_1.jpg,H:\Users\personal\Documents\College\Seals2\YOLO\-master\Data\Source_Images\Test_Images\DJI_0999_1.jpg,102,114,109,125,2,0.02077920362353325,1000,750
DJI_0999_1.jpg,H:\Users\personal\Documents\College\Seals2\YOLO\-master\Data\Source_Images\Test_Images\DJI_0999_1.jpg,332,530,350,540,2,0.020916186273097992,1000,750
DJI_0999_1.jpg,H:\Users\personal\Documents\College\Seals2\YOLO\-master\Data\Source_Images\Test_Images\DJI_0999_1.jpg,370,629,388,660,2,0.023748796433210373,1000,750
DJI_0999_1.jpg,H:\Users\personal\Documents\College\Seals2\YOLO\-master\Data\Source_Images\Test_Images\DJI_0999_1.jpg,582,107,610,154,2,0.025695201009511948,1000,750
DJI_0999_1.jpg,H:\Users\personal\Documents\College\Seals2\YOLO\-master\Data\Source_Images\Test_Images\DJI_0999_1.jpg,357,317,370,360,2,0.03379472717642784,1000,750
DJI_0999_1.jpg,H:\Users\personal\Documents\College\Seals2\YOLO\-master\Data\Source_Images\Test_Images\DJI_0999_1.jpg,517,316,527,351,2,0.038024984300136566,1000,750
DJI_0999_1.jpg,H:\Users\personal\Documents\College\Seals2\YOLO\-master\Data\Source_Images\Test_Images\DJI_0999_1.jpg,849,36,879,53,2,0.053862445056438446,1000,750
DJI_0999_1.jpg,H:\Users\personal\Documents\College\Seals2\YOLO\-master\Data\Source_Images\Test_Images\DJI_0999_1.jpg,931,51,950,80,2,0.06997191905975342,1000,750
DJI_0999_1.jpg,H:\Users\personal\Documents\College\Seals2\YOLO\-master\Data\Source_Images\Test_Images\DJI_0999_1.jpg,312,546,351,655,1,0.010447324253618717,1000,750
DJI_0999_1.jpg,H:\Users\personal\Documents\College\Seals2\YOLO\-master\Data\Source_Images\Test_Images\DJI_0999_1.jpg,815,48,888,89,1,0.011415400542318821,1000,750
DJI_0999_1.jpg,H:\Users\personal\Documents\College\Seals2\YOLO\-master\Data\Source_Images\Test_Images\DJI_0999_1.jpg,849,36,879,53,0,0.010384364984929562,1000,750
DJI_0999_1.jpg,H:\Users\personal\Documents\College\Seals2\YOLO\-master\Data\Source_Images\Test_Images\DJI_0999_1.jpg,373,575,424,630,0,0.010471375659108162,1000,750
DJI_0999_1.jpg,H:\Users\personal\Documents\College\Seals2\YOLO\-master\Data\Source_Images\Test_Images\DJI_0999_1.jpg,145,428,180,455,0,0.010981482453644276,1000,750
DJI_0999_1.jpg,H:\Users\personal\Documents\College\Seals2\YOLO\-master\Data\Source_Images\Test_Images\DJI_0999_1.jpg,134,417,152,449,0,0.010989254340529442,1000,750
DJI_0999_1.jpg,H:\Users\personal\Documents\College\Seals2\YOLO\-master\Data\Source_Images\Test_Images\DJI_0999_1.jpg,931,51,950,80,0,0.011113683693110943,1000,750
DJI_0999_1.jpg,H:\Users\personal\Documents\College\Seals2\YOLO\-master\Data\Source_Images\Test_Images\DJI_0999_1.jpg,901,84,918,124,0,0.011385112069547176,1000,750
DJI_0999_1.jpg,H:\Users\personal\Documents\College\Seals2\YOLO\-master\Data\Source_Images\Test_Images\DJI_0999_1.jpg,167,659,195,708,0,0.011828846298158169,1000,750
DJI_0999_1.jpg,H:\Users\personal\Documents\College\Seals2\YOLO\-master\Data\Source_Images\Test_Images\DJI_0999_1.jpg,459,623,526,675,0,0.012009245343506336,1000,750
DJI_0999_1.jpg,H:\Users\personal\Documents\College\Seals2\YOLO\-master\Data\Source_Images\Test_Images\DJI_0999_1.jpg,517,316,527,351,0,0.012017837725579739,1000,750
DJI_0999_1.jpg,H:\Users\personal\Documents\College\Seals2\YOLO\-master\Data\Source_Images\Test_Images\DJI_0999_1.jpg,640,467,691,523,0,0.012921581044793129,1000,750
DJI_0999_1.jpg,H:\Users\personal\Documents\College\Seals2\YOLO\-master\Data\Source_Images\Test_Images\DJI_0999_1.jpg,520,365,616,393,0,0.013167210854589939,1000,750
DJI_0999_1.jpg,H:\Users\personal\Documents\College\Seals2\YOLO\-master\Data\Source_Images\Test_Images\DJI_0999_1.jpg,932,3,965,46,0,0.013694464229047298,1000,750
DJI_0999_1.jpg,H:\Users\personal\Documents\College\Seals2\YOLO\-master\Data\Source_Images\Test_Images\DJI_0999_1.jpg,573,58,608,74,0,0.014025067910552025,1000,750
DJI_0999_1.jpg,H:\Users\personal\Documents\College\Seals2\YOLO\-master\Data\Source_Images\Test_Images\DJI_0999_1.jpg,541,200,579,217,0,0.014067078940570354,1000,750
DJI_0999_1.jpg,H:\Users\personal\Documents\College\Seals2\YOLO\-master\Data\Source_Images\Test_Images\DJI_0999_1.jpg,738,478,841,534,0,0.014215560629963875,1000,750
DJI_0999_1.jpg,H:\Users\personal\Documents\College\Seals2\YOLO\-master\Data\Source_Images\Test_Images\DJI_0999_1.jpg,383,350,411,392,0,0.014276914298534393,1000,750
DJI_0999_1.jpg,H:\Users\personal\Documents\College\Seals2\YOLO\-master\Data\Source_Images\Test_Images\DJI_0999_1.jpg,569,15,607,68,0,0.015025283209979534,1000,750
DJI_0999_1.jpg,H:\Users\personal\Documents\College\Seals2\YOLO\-master\Data\Source_Images\Test_Images\DJI_0999_1.jpg,358,305,435,343,0,0.01522014569491148,1000,750
DJI_0999_1.jpg,H:\Users\personal\Documents\College\Seals2\YOLO\-master\Data\Source_Images\Test_Images\DJI_0999_1.jpg,413,298,508,347,0,0.015473645180463791,1000,750
DJI_0999_1.jpg,H:\Users\personal\Documents\College\Seals2\YOLO\-master\Data\Source_Images\Test_Images\DJI_0999_1.jpg,434,219,459,293,0,0.015794411301612854,1000,750
DJI_0999_1.jpg,H:\Users\personal\Documents\College\Seals2\YOLO\-master\Data\Source_Images\Test_Images\DJI_0999_1.jpg,805,156,893,196,0,0.01620565541088581,1000,750
DJI_0999_1.jpg,H:\Users\personal\Documents\College\Seals2\YOLO\-master\Data\Source_Images\Test_Images\DJI_0999_1.jpg,196,431,253,490,0,0.0163930244743824,1000,750
DJI_0999_1.jpg,H:\Users\personal\Documents\College\Seals2\YOLO\-master\Data\Source_Images\Test_Images\DJI_0999_1.jpg,889,46,937,95,0,0.017565375193953514,1000,750
DJI_0999_1.jpg,H:\Users\personal\Documents\College\Seals2\YOLO\-master\Data\Source_Images\Test_Images\DJI_0999_1.jpg,583,602,620,657,0,0.01784347929060459,1000,750
DJI_0999_1.jpg,H:\Users\personal\Documents\College\Seals2\YOLO\-master\Data\Source_Images\Test_Images\DJI_0999_1.jpg,960,681,1000,748,0,0.01801021583378315,1000,750
DJI_0999_1.jpg,H:\Users\personal\Documents\College\Seals2\YOLO\-master\Data\Source_Images\Test_Images\DJI_0999_1.jpg,0,459,17,501,0,0.018148045986890793,1000,750
DJI_0999_1.jpg,H:\Users\personal\Documents\College\Seals2\YOLO\-master\Data\Source_Images\Test_Images\DJI_0999_1.jpg,811,634,860,750,0,0.01895216666162014,1000,750
DJI_0999_1.jpg,H:\Users\personal\Documents\College\Seals2\YOLO\-master\Data\Source_Images\Test_Images\DJI_0999_1.jpg,674,641,711,690,0,0.01965617574751377,1000,750
DJI_0999_1.jpg,H:\Users\personal\Documents\College\Seals2\YOLO\-master\Data\Source_Images\Test_Images\DJI_0999_1.jpg,62,603,105,697,0,0.019761279225349426,1000,750
DJI_0999_1.jpg,H:\Users\personal\Documents\College\Seals2\YOLO\-master\Data\Source_Images\Test_Images\DJI_0999_1.jpg,327,175,364,193,0,0.020044930279254913,1000,750
DJI_0999_1.jpg,H:\Users\personal\Documents\College\Seals2\YOLO\-master\Data\Source_Images\Test_Images\DJI_0999_1.jpg,92,433,249,597,0,0.020231567323207855,1000,750
DJI_0999_1.jpg,H:\Users\personal\Documents\College\Seals2\YOLO\-master\Data\Source_Images\Test_Images\DJI_0999_1.jpg,462,514,483,595,0,0.02049916982650757,1000,750
DJI_0999_1.jpg,H:\Users\personal\Documents\College\Seals2\YOLO\-master\Data\Source_Images\Test_Images\DJI_0999_1.jpg,432,239,597,414,0,0.02068956382572651,1000,750
DJI_0999_1.jpg,H:\Users\personal\Documents\College\Seals2\YOLO\-master\Data\Source_Images\Test_Images\DJI_0999_1.jpg,499,588,655,750,0,0.020820725709199905,1000,750
DJI_0999_1.jpg,H:\Users\personal\Documents\College\Seals2\YOLO\-master\Data\Source_Images\Test_Images\DJI_0999_1.jpg,626,124,708,172,0,0.022079654037952423,1000,750
DJI_0999_1.jpg,H:\Users\personal\Documents\College\Seals2\YOLO\-master\Data\Source_Images\Test_Images\DJI_0999_1.jpg,672,693,728,720,0,0.02247401885688305,1000,750
DJI_0999_1.jpg,H:\Users\personal\Documents\College\Seals2\YOLO\-master\Data\Source_Images\Test_Images\DJI_0999_1.jpg,843,370,1000,533,0,0.02321644127368927,1000,750
DJI_0999_1.jpg,H:\Users\personal\Documents\College\Seals2\YOLO\-master\Data\Source_Images\Test_Images\DJI_0999_1.jpg,776,314,860,350,0,0.02422124519944191,1000,750
DJI_0999_1.jpg,H:\Users\personal\Documents\College\Seals2\YOLO\-master\Data\Source_Images\Test_Images\DJI_0999_1.jpg,797,541,848,597,0,0.025460807606577873,1000,750
DJI_0999_1.jpg,H:\Users\personal\Documents\College\Seals2\YOLO\-master\Data\Source_Images\Test_Images\DJI_0999_1.jpg,785,623,796,668,0,0.02883274108171463,1000,750
DJI_0999_1.jpg,H:\Users\personal\Documents\College\Seals2\YOLO\-master\Data\Source_Images\Test_Images\DJI_0999_1.jpg,730,700,784,748,0,0.029201198369264603,1000,750
DJI_0999_1.jpg,H:\Users\personal\Documents\College\Seals2\YOLO\-master\Data\Source_Images\Test_Images\DJI_0999_1.jpg,483,525,530,581,0,0.029432451352477074,1000,750
DJI_0999_1.jpg,H:\Users\personal\Documents\College\Seals2\YOLO\-master\Data\Source_Images\Test_Images\DJI_0999_1.jpg,952,366,996,406,0,0.03187062218785286,1000,750
DJI_0999_1.jpg,H:\Users\personal\Documents\College\Seals2\YOLO\-master\Data\Source_Images\Test_Images\DJI_0999_1.jpg,598,7,665,66,0,0.03346932679414749,1000,750
DJI_0999_1.jpg,H:\Users\personal\Documents\College\Seals2\YOLO\-master\Data\Source_Images\Test_Images\DJI_0999_1.jpg,564,156,637,209,0,0.03408034145832062,1000,750
DJI_0999_1.jpg,H:\Users\personal\Documents\College\Seals2\YOLO\-master\Data\Source_Images\Test_Images\DJI_0999_1.jpg,891,650,943,750,0,0.03873048722743988,1000,750
DJI_0999_1.jpg,H:\Users\personal\Documents\College\Seals2\YOLO\-master\Data\Source_Images\Test_Images\DJI_0999_1.jpg,778,0,826,48,0,0.040040478110313416,1000,750
DJI_0999_1.jpg,H:\Users\personal\Documents\College\Seals2\YOLO\-master\Data\Source_Images\Test_Images\DJI_0999_1.jpg,710,222,744,284,0,0.04065807908773422,1000,750
DJI_0999_1.jpg,H:\Users\personal\Documents\College\Seals2\YOLO\-master\Data\Source_Images\Test_Images\DJI_0999_1.jpg,414,215,439,275,0,0.04285280033946037,1000,750
DJI_0999_1.jpg,H:\Users\personal\Documents\College\Seals2\YOLO\-master\Data\Source_Images\Test_Images\DJI_0999_1.jpg,303,500,343,669,0,0.0442742183804512,1000,750
DJI_0999_1.jpg,H:\Users\personal\Documents\College\Seals2\YOLO\-master\Data\Source_Images\Test_Images\DJI_0999_1.jpg,815,48,888,89,0,0.046087075024843216,1000,750
DJI_0999_1.jpg,H:\Users\personal\Documents\College\Seals2\YOLO\-master\Data\Source_Images\Test_Images\DJI_0999_1.jpg,61,538,146,578,0,0.048796381801366806,1000,750
DJI_0999_1.jpg,H:\Users\personal\Documents\College\Seals2\YOLO\-master\Data\Source_Images\Test_Images\DJI_0999_1.jpg,364,642,407,750,0,0.04973027855157852,1000,750
DJI_0999_1.jpg,H:\Users\personal\Documents\College\Seals2\YOLO\-master\Data\Source_Images\Test_Images\DJI_0999_1.jpg,589,103,604,157,0,0.049749668687582016,1000,750
DJI_0999_1.jpg,H:\Users\personal\Documents\College\Seals2\YOLO\-master\Data\Source_Images\Test_Images\DJI_0999_1.jpg,287,106,319,281,0,0.05085218697786331,1000,750
DJI_0999_1.jpg,H:\Users\personal\Documents\College\Seals2\YOLO\-master\Data\Source_Images\Test_Images\DJI_0999_1.jpg,34,84,67,112,0,0.05981834977865219,1000,750
DJI_0999_1.jpg,H:\Users\personal\Documents\College\Seals2\YOLO\-master\Data\Source_Images\Test_Images\DJI_0999_1.jpg,944,611,969,632,0,0.06887441128492355,1000,750
DJI_0999_1.jpg,H:\Users\personal\Documents\College\Seals2\YOLO\-master\Data\Source_Images\Test_Images\DJI_0999_1.jpg,135,570,163,633,0,0.0719410628080368,1000,750
DJI_0999_1.jpg,H:\Users\personal\Documents\College\Seals2\YOLO\-master\Data\Source_Images\Test_Images\DJI_0999_1.jpg,851,488,881,551,0,0.12907394766807556,1000,750
DJI_0999_1.jpg,H:\Users\personal\Documents\College\Seals2\YOLO\-master\Data\Source_Images\Test_Images\DJI_0999_1.jpg,550,450,594,565,0,0.16865743696689606,1000,750
DJI_0999_2.jpg,H:\Users\personal\Documents\College\Seals2\YOLO\-master\Data\Source_Images\Test_Images\DJI_0999_2.jpg,642,498,663,523,2,0.010150107555091381,1000,750
DJI_0999_2.jpg,H:\Users\personal\Documents\College\Seals2\YOLO\-master\Data\Source_Images\Test_Images\DJI_0999_2.jpg,758,432,792,453,2,0.010287235490977764,1000,750
DJI_0999_2.jpg,H:\Users\personal\Documents\College\Seals2\YOLO\-master\Data\Source_Images\Test_Images\DJI_0999_2.jpg,157,436,193,457,2,0.010629969649016857,1000,750
DJI_0999_2.jpg,H:\Users\personal\Documents\College\Seals2\YOLO\-master\Data\Source_Images\Test_Images\DJI_0999_2.jpg,42,188,103,235,2,0.010942250490188599,1000,750
DJI_0999_2.jpg,H:\Users\personal\Documents\College\Seals2\YOLO\-master\Data\Source_Images\Test_Images\DJI_0999_2.jpg,229,324,246,339,2,0.01110033318400383,1000,750
DJI_0999_2.jpg,H:\Users\personal\Documents\College\Seals2\YOLO\-master\Data\Source_Images\Test_Images\DJI_0999_2.jpg,798,421,818,448,2,0.011123406700789928,1000,750
DJI_0999_2.jpg,H:\Users\personal\Documents\College\Seals2\YOLO\-master\Data\Source_Images\Test_Images\DJI_0999_2.jpg,201,10,225,65,2,0.011130697093904018,1000,750
DJI_0999_2.jpg,H:\Users\personal\Documents\College\Seals2\YOLO\-master\Data\Source_Images\Test_Images\DJI_0999_2.jpg,262,443,343,485,2,0.01118485163897276,1000,750
DJI_0999_2.jpg,H:\Users\personal\Documents\College\Seals2\YOLO\-master\Data\Source_Images\Test_Images\DJI_0999_2.jpg,424,207,439,238,2,0.011420540511608124,1000,750
DJI_0999_2.jpg,H:\Users\personal\Documents\College\Seals2\YOLO\-master\Data\Source_Images\Test_Images\DJI_0999_2.jpg,539,286,550,316,2,0.011797333136200905,1000,750
DJI_0999_2.jpg,H:\Users\personal\Documents\College\Seals2\YOLO\-master\Data\Source_Images\Test_Images\DJI_0999_2.jpg,558,575,578,601,2,0.01185627467930317,1000,750
DJI_0999_2.jpg,H:\Users\personal\Documents\College\Seals2\YOLO\-master\Data\Source_Images\Test_Images\DJI_0999_2.jpg,64,0,82,38,2,0.011899728327989578,1000,750
DJI_0999_2.jpg,H:\Users\personal\Documents\College\Seals2\YOLO\-master\Data\Source_Images\Test_Images\DJI_0999_2.jpg,0,670,11,684,2,0.012036392465233803,1000,750
DJI_0999_2.jpg,H:\Users\personal\Documents\College\Seals2\YOLO\-master\Data\Source_Images\Test_Images\DJI_0999_2.jpg,38,221,63,239,2,0.012080644257366657,1000,750
DJI_0999_2.jpg,H:\Users\personal\Documents\College\Seals2\YOLO\-master\Data\Source_Images\Test_Images\DJI_0999_2.jpg,921,113,971,160,2,0.012288390658795834,1000,750
DJI_0999_2.jpg,H:\Users\personal\Documents\College\Seals2\YOLO\-master\Data\Source_Images\Test_Images\DJI_0999_2.jpg,867,728,889,750,2,0.012506620027124882,1000,750
DJI_0999_2.jpg,H:\Users\personal\Documents\College\Seals2\YOLO\-master\Data\Source_Images\Test_Images\DJI_0999_2.jpg,605,218,624,244,2,0.012654252350330353,1000,750
DJI_0999_2.jpg,H:\Users\personal\Documents\College\Seals2\YOLO\-master\Data\Source_Images\Test_Images\DJI_0999_2.jpg,429,583,450,616,2,0.012709980830550194,1000,750
DJI_0999_2.jpg,H:\Users\personal\Documents\College\Seals2\YOLO\-master\Data\Source_Images\Test_Images\DJI_0999_2.jpg,628,522,647,545,2,0.012865768745541573,1000,750
DJI_0999_2.jpg,H:\Users\personal\Documents\College\Seals2\YOLO\-master\Data\Source_Images\Test_Images\DJI_0999_2.jpg,489,500,519,527,2,0.012959023006260395,1000,750
DJI_0999_2.jpg,H:\Users\personal\Documents\College\Seals2\YOLO\-master\Data\Source_Images\Test_Images\DJI_0999_2.jpg,621,649,647,709,2,0.012985866516828537,1000,750
DJI_0999_2.jpg,H:\Users\personal\Documents\College\Seals2\YOLO\-master\Data\Source_Images\Test_Images\DJI_0999_2.jpg,678,625,706,647,2,0.01343593467026949,1000,750
DJI_0999_2.jpg,H:\Users\personal\Documents\College\Seals2\YOLO\-master\Data\Source_Images\Test_Images\DJI_0999_2.jpg,852,579,890,598,2,0.01353099849075079,1000,750
DJI_0999_2.jpg,H:\Users\personal\Documents\College\Seals2\YOLO\-master\Data\Source_Images\Test_Images\DJI_0999_2.jpg,126,30,163,57,2,0.013638144358992577,1000,750
DJI_0999_2.jpg,H:\Users\personal\Documents\College\Seals2\YOLO\-master\Data\Source_Images\Test_Images\DJI_0999_2.jpg,676,290,691,327,2,0.013674120418727398,1000,750
DJI_0999_2.jpg,H:\Users\personal\Documents\College\Seals2\YOLO\-master\Data\Source_Images\Test_Images\DJI_0999_2.jpg,628,731,658,749,2,0.013838496059179306,1000,750
DJI_0999_2.jpg,H:\Users\personal\Documents\College\Seals2\YOLO\-master\Data\Source_Images\Test_Images\DJI_0999_2.jpg,163,514,198,567,2,0.01384885236620903,1000,750
DJI_0999_2.jpg,H:\Users\personal\Documents\College\Seals2\YOLO\-master\Data\Source_Images\Test_Images\DJI_0999_2.jpg,183,308,203,368,2,0.0140012726187706,1000,750
DJI_0999_2.jpg,H:\Users\personal\Documents\College\Seals2\YOLO\-master\Data\Source_Images\Test_Images\DJI_0999_2.jpg,278,668,306,684,2,0.014260866679251194,1000,750
DJI_0999_2.jpg,H:\Users\personal\Documents\College\Seals2\YOLO\-master\Data\Source_Images\Test_Images\DJI_0999_2.jpg,201,328,216,352,2,0.014273658394813538,1000,750
DJI_0999_2.jpg,H:\Users\personal\Documents\College\Seals2\YOLO\-master\Data\Source_Images\Test_Images\DJI_0999_2.jpg,110,570,132,583,2,0.014523545280098915,1000,750
DJI_0999_2.jpg,H:\Users\personal\Documents\College\Seals2\YOLO\-master\Data\Source_Images\Test_Images\DJI_0999_2.jpg,605,340,622,374,2,0.015950119122862816,1000,750
DJI_0999_2.jpg,H:\Users\personal\Documents\College\Seals2\YOLO\-master\Data\Source_Images\Test_Images\DJI_0999_2.jpg,479,155,533,208,2,0.016124794259667397,1000,750
DJI_0999_2.jpg,H:\Users\personal\Documents\College\Seals2\YOLO\-master\Data\Source_Images\Test_Images\DJI_0999_2.jpg,815,436,845,449,2,0.016398264095187187,1000,750
DJI_0999_2.jpg,H:\Users\personal\Documents\College\Seals2\YOLO\-master\Data\Source_Images\Test_Images\DJI_0999_2.jpg,447,615,468,627,2,0.016522392630577087,1000,750
DJI_0999_2.jpg,H:\Users\personal\Documents\College\Seals2\YOLO\-master\Data\Source_Images\Test_Images\DJI_0999_2.jpg,777,256,825,281,2,0.01802748814225197,1000,750
DJI_0999_2.jpg,H:\Users\personal\Documents\College\Seals2\YOLO\-master\Data\Source_Images\Test_Images\DJI_0999_2.jpg,872,355,888,386,2,0.018438177183270454,1000,750
DJI_0999_2.jpg,H:\Users\personal\Documents\College\Seals2\YOLO\-master\Data\Source_Images\Test_Images\DJI_0999_2.jpg,365,654,395,671,2,0.018598061054944992,1000,750
DJI_0999_2.jpg,H:\Users\personal\Documents\College\Seals2\YOLO\-master\Data\Source_Images\Test_Images\DJI_0999_2.jpg,579,629,596,658,2,0.018663905560970306,1000,750
DJI_0999_2.jpg,H:\Users\personal\Documents\College\Seals2\YOLO\-master\Data\Source_Images\Test_Images\DJI_0999_2.jpg,26,567,44,580,2,0.020373208448290825,1000,750
DJI_0999_2.jpg,H:\Users\personal\Documents\College\Seals2\YOLO\-master\Data\Source_Images\Test_Images\DJI_0999_2.jpg,549,417,579,478,2,0.021628258749842644,1000,750
DJI_0999_2.jpg,H:\Users\personal\Documents\College\Seals2\YOLO\-master\Data\Source_Images\Test_Images\DJI_0999_2.jpg,457,662,476,689,2,0.022816432639956474,1000,750
DJI_0999_2.jpg,H:\Users\personal\Documents\College\Seals2\YOLO\-master\Data\Source_Images\Test_Images\DJI_0999_2.jpg,173,623,191,649,2,0.02361346408724785,1000,750
DJI_0999_2.jpg,H:\Users\personal\Documents\College\Seals2\YOLO\-master\Data\Source_Images\Test_Images\DJI_0999_2.jpg,632,239,669,256,2,0.023693902418017387,1000,750
DJI_0999_2.jpg,H:\Users\personal\Documents\College\Seals2\YOLO\-master\Data\Source_Images\Test_Images\DJI_0999_2.jpg,37,312,66,336,2,0.026464451104402542,1000,750
DJI_0999_2.jpg,H:\Users\personal\Documents\College\Seals2\YOLO\-master\Data\Source_Images\Test_Images\DJI_0999_2.jpg,636,540,669,561,2,0.027688026428222656,1000,750
DJI_0999_2.jpg,H:\Users\personal\Documents\College\Seals2\YOLO\-master\Data\Source_Images\Test_Images\DJI_0999_2.jpg,0,311,12,326,2,0.028451619669795036,1000,750
DJI_0999_2.jpg,H:\Users\personal\Documents\College\Seals2\YOLO\-master\Data\Source_Images\Test_Images\DJI_0999_2.jpg,838,585,856,613,2,0.030280712991952896,1000,750
DJI_0999_2.jpg,H:\Users\personal\Documents\College\Seals2\YOLO\-master\Data\Source_Images\Test_Images\DJI_0999_2.jpg,309,582,339,598,2,0.030776847153902054,1000,750
DJI_0999_2.jpg,H:\Users\personal\Documents\College\Seals2\YOLO\-master\Data\Source_Images\Test_Images\DJI_0999_2.jpg,94,310,130,337,2,0.035180509090423584,1000,750
DJI_0999_2.jpg,H:\Users\personal\Documents\College\Seals2\YOLO\-master\Data\Source_Images\Test_Images\DJI_0999_2.jpg,701,403,730,415,2,0.04723004996776581,1000,750
DJI_0999_2.jpg,H:\Users\personal\Documents\College\Seals2\YOLO\-master\Data\Source_Images\Test_Images\DJI_0999_2.jpg,814,355,848,384,2,0.04818091168999672,1000,750
DJI_0999_2.jpg,H:\Users\personal\Documents\College\Seals2\YOLO\-master\Data\Source_Images\Test_Images\DJI_0999_2.jpg,405,634,420,672,2,0.04957173764705658,1000,750
DJI_0999_2.jpg,H:\Users\personal\Documents\College\Seals2\YOLO\-master\Data\Source_Images\Test_Images\DJI_0999_2.jpg,259,29,294,56,2,0.05893366038799286,1000,750
DJI_0999_2.jpg,H:\Users\personal\Documents\College\Seals2\YOLO\-master\Data\Source_Images\Test_Images\DJI_0999_2.jpg,51,94,84,118,2,0.061332497745752335,1000,750
DJI_0999_2.jpg,H:\Users\personal\Documents\College\Seals2\YOLO\-master\Data\Source_Images\Test_Images\DJI_0999_2.jpg,276,611,294,633,2,0.09664639830589294,1000,750
DJI_0999_2.jpg,H:\Users\personal\Documents\College\Seals2\YOLO\-master\Data\Source_Images\Test_Images\DJI_0999_2.jpg,384,31,401,70,2,0.10017858445644379,1000,750
DJI_0999_2.jpg,H:\Users\personal\Documents\College\Seals2\YOLO\-master\Data\Source_Images\Test_Images\DJI_0999_2.jpg,378,615,397,643,2,0.14808639883995056,1000,750
DJI_0999_2.jpg,H:\Users\personal\Documents\College\Seals2\YOLO\-master\Data\Source_Images\Test_Images\DJI_0999_2.jpg,265,217,313,358,1,0.010667052119970322,1000,750
DJI_0999_2.jpg,H:\Users\personal\Documents\College\Seals2\YOLO\-master\Data\Source_Images\Test_Images\DJI_0999_2.jpg,928,325,987,439,1,0.010679199360311031,1000,750
DJI_0999_2.jpg,H:\Users\personal\Documents\College\Seals2\YOLO\-master\Data\Source_Images\Test_Images\DJI_0999_2.jpg,101,298,159,342,1,0.01094357855618,1000,750
DJI_0999_2.jpg,H:\Users\personal\Documents\College\Seals2\YOLO\-master\Data\Source_Images\Test_Images\DJI_0999_2.jpg,497,209,549,268,1,0.011122251860797405,1000,750
DJI_0999_2.jpg,H:\Users\personal\Documents\College\Seals2\YOLO\-master\Data\Source_Images\Test_Images\DJI_0999_2.jpg,262,443,343,485,1,0.011205515824258327,1000,750
DJI_0999_2.jpg,H:\Users\personal\Documents\College\Seals2\YOLO\-master\Data\Source_Images\Test_Images\DJI_0999_2.jpg,665,530,726,644,1,0.012180895544588566,1000,750
DJI_0999_2.jpg,H:\Users\personal\Documents\College\Seals2\YOLO\-master\Data\Source_Images\Test_Images\DJI_0999_2.jpg,317,333,358,460,1,0.012592513114213943,1000,750
DJI_0999_2.jpg,H:\Users\personal\Documents\College\Seals2\YOLO\-master\Data\Source_Images\Test_Images\DJI_0999_2.jpg,792,0,846,123,1,0.014593786559998989,1000,750
DJI_0999_2.jpg,H:\Users\personal\Documents\College\Seals2\YOLO\-master\Data\Source_Images\Test_Images\DJI_0999_2.jpg,423,580,502,624,1,0.017561065033078194,1000,750
DJI_0999_2.jpg,H:\Users\personal\Documents\College\Seals2\YOLO\-master\Data\Source_Images\Test_Images\DJI_0999_2.jpg,479,155,533,208,1,0.018386850133538246,1000,750
DJI_0999_2.jpg,H:\Users\personal\Documents\College\Seals2\YOLO\-master\Data\Source_Images\Test_Images\DJI_0999_2.jpg,42,188,103,235,1,0.0344746857881546,1000,750
DJI_0999_2.jpg,H:\Users\personal\Documents\College\Seals2\YOLO\-master\Data\Source_Images\Test_Images\DJI_0999_2.jpg,160,435,193,453,0,0.010475797578692436,1000,750
DJI_0999_2.jpg,H:\Users\personal\Documents\College\Seals2\YOLO\-master\Data\Source_Images\Test_Images\DJI_0999_2.jpg,683,312,766,351,0,0.010726687498390675,1000,750
DJI_0999_2.jpg,H:\Users\personal\Documents\College\Seals2\YOLO\-master\Data\Source_Images\Test_Images\DJI_0999_2.jpg,276,611,294,633,0,0.010735190473496914,1000,750
DJI_0999_2.jpg,H:\Users\personal\Documents\College\Seals2\YOLO\-master\Data\Source_Images\Test_Images\DJI_0999_2.jpg,567,387,598,443,0,0.010957504622638226,1000,750
DJI_0999_2.jpg,H:\Users\personal\Documents\College\Seals2\YOLO\-master\Data\Source_Images\Test_Images\DJI_0999_2.jpg,928,72,986,119,0,0.011199064552783966,1000,750
DJI_0999_2.jpg,H:\Users\personal\Documents\College\Seals2\YOLO\-master\Data\Source_Images\Test_Images\DJI_0999_2.jpg,349,360,441,403,0,0.011462125927209854,1000,750
DJI_0999_2.jpg,H:\Users\personal\Documents\College\Seals2\YOLO\-master\Data\Source_Images\Test_Images\DJI_0999_2.jpg,426,412,521,448,0,0.01146949827671051,1000,750
DJI_0999_2.jpg,H:\Users\personal\Documents\College\Seals2\YOLO\-master\Data\Source_Images\Test_Images\DJI_0999_2.jpg,509,557,545,576,0,0.011575628072023392,1000,750
DJI_0999_2.jpg,H:\Users\personal\Documents\College\Seals2\YOLO\-master\Data\Source_Images\Test_Images\DJI_0999_2.jpg,365,483,540,669,0,0.011814304627478123,1000,750
DJI_0999_2.jpg,H:\Users\personal\Documents\College\Seals2\YOLO\-master\Data\Source_Images\Test_Images\DJI_0999_2.jpg,636,378,665,449,0,0.012199558317661285,1000,750
DJI_0999_2.jpg,H:\Users\personal\Documents\College\Seals2\YOLO\-master\Data\Source_Images\Test_Images\DJI_0999_2.jpg,46,277,98,333,0,0.012303834781050682,1000,750
DJI_0999_2.jpg,H:\Users\personal\Documents\College\Seals2\YOLO\-master\Data\Source_Images\Test_Images\DJI_0999_2.jpg,632,239,669,256,0,0.012423786334693432,1000,750
DJI_0999_2.jpg,H:\Users\personal\Documents\College\Seals2\YOLO\-master\Data\Source_Images\Test_Images\DJI_0999_2.jpg,556,543,579,595,0,0.01248305756598711,1000,750
DJI_0999_2.jpg,H:\Users\personal\Documents\College\Seals2\YOLO\-master\Data\Source_Images\Test_Images\DJI_0999_2.jpg,258,403,295,465,0,0.012705310247838497,1000,750
DJI_0999_2.jpg,H:\Users\personal\Documents\College\Seals2\YOLO\-master\Data\Source_Images\Test_Images\DJI_0999_2.jpg,692,0,786,28,0,0.012929948046803474,1000,750
DJI_0999_2.jpg,H:\Users\personal\Documents\College\Seals2\YOLO\-master\Data\Source_Images\Test_Images\DJI_0999_2.jpg,157,585,233,627,0,0.013048844411969185,1000,750
DJI_0999_2.jpg,H:\Users\personal\Documents\College\Seals2\YOLO\-master\Data\Source_Images\Test_Images\DJI_0999_2.jpg,94,547,118,571,0,0.013048864901065826,1000,750
DJI_0999_2.jpg,H:\Users\personal\Documents\College\Seals2\YOLO\-master\Data\Source_Images\Test_Images\DJI_0999_2.jpg,405,634,420,672,0,0.013194248080253601,1000,750
DJI_0999_2.jpg,H:\Users\personal\Documents\College\Seals2\YOLO\-master\Data\Source_Images\Test_Images\DJI_0999_2.jpg,188,0,322,32,0,0.013282466679811478,1000,750
DJI_0999_2.jpg,H:\Users\personal\Documents\College\Seals2\YOLO\-master\Data\Source_Images\Test_Images\DJI_0999_2.jpg,739,426,786,444,0,0.01331433467566967,1000,750
DJI_0999_2.jpg,H:\Users\personal\Documents\College\Seals2\YOLO\-master\Data\Source_Images\Test_Images\DJI_0999_2.jpg,497,672,549,718,0,0.013685719110071659,1000,750
DJI_0999_2.jpg,H:\Users\personal\Documents\College\Seals2\YOLO\-master\Data\Source_Images\Test_Images\DJI_0999_2.jpg,0,61,26,110,0,0.013907975517213345,1000,750
DJI_0999_2.jpg,H:\Users\personal\Documents\College\Seals2\YOLO\-master\Data\Source_Images\Test_Images\DJI_0999_2.jpg,809,137,859,253,0,0.014056428335607052,1000,750
DJI_0999_2.jpg,H:\Users\personal\Documents\College\Seals2\YOLO\-master\Data\Source_Images\Test_Images\DJI_0999_2.jpg,702,469,777,520,0,0.014209378510713577,1000,750
DJI_0999_2.jpg,H:\Users\personal\Documents\College\Seals2\YOLO\-master\Data\Source_Images\Test_Images\DJI_0999_2.jpg,378,615,397,643,0,0.01430104486644268,1000,750
DJI_0999_2.jpg,H:\Users\personal\Documents\College\Seals2\YOLO\-master\Data\Source_Images\Test_Images\DJI_0999_2.jpg,315,152,358,203,0,0.014512471854686737,1000,750
DJI_0999_2.jpg,H:\Users\personal\Documents\College\Seals2\YOLO\-master\Data\Source_Images\Test_Images\DJI_0999_2.jpg,510,487,558,528,0,0.014966782182455063,1000,750
DJI_0999_2.jpg,H:\Users\personal\Documents\College\Seals2\YOLO\-master\Data\Source_Images\Test_Images\DJI_0999_2.jpg,41,665,77,686,0,0.01500959973782301,1000,750
DJI_0999_2.jpg,H:\Users\personal\Documents\College\Seals2\YOLO\-master\Data\Source_Images\Test_Images\DJI_0999_2.jpg,117,0,181,43,0,0.015282888896763325,1000,750
DJI_0999_2.jpg,H:\Users\personal\Documents\College\Seals2\YOLO\-master\Data\Source_Images\Test_Images\DJI_0999_2.jpg,550,3,582,43,0,0.015811122953891754,1000,750
DJI_0999_2.jpg,H:\Users\personal\Documents\College\Seals2\YOLO\-master\Data\Source_Images\Test_Images\DJI_0999_2.jpg,215,306,248,325,0,0.015897119417786598,1000,750
DJI_0999_2.jpg,H:\Users\personal\Documents\College\Seals2\YOLO\-master\Data\Source_Images\Test_Images\DJI_0999_2.jpg,382,268,474,313,0,0.016023265197873116,1000,750
DJI_0999_2.jpg,H:\Users\personal\Documents\College\Seals2\YOLO\-master\Data\Source_Images\Test_Images\DJI_0999_2.jpg,541,357,592,404,0,0.016188669949769974,1000,750
DJI_0999_2.jpg,H:\Users\personal\Documents\College\Seals2\YOLO\-master\Data\Source_Images\Test_Images\DJI_0999_2.jpg,265,575,314,621,0,0.01643822155892849,1000,750
DJI_0999_2.jpg,H:\Users\personal\Documents\College\Seals2\YOLO\-master\Data\Source_Images\Test_Images\DJI_0999_2.jpg,385,92,408,146,0,0.017044024541974068,1000,750
DJI_0999_2.jpg,H:\Users\personal\Documents\College\Seals2\YOLO\-master\Data\Source_Images\Test_Images\DJI_0999_2.jpg,637,484,688,535,0,0.01720315031707287,1000,750
DJI_0999_2.jpg,H:\Users\personal\Documents\College\Seals2\YOLO\-master\Data\Source_Images\Test_Images\DJI_0999_2.jpg,441,0,476,50,0,0.0172338355332613,1000,750
DJI_0999_2.jpg,H:\Users\personal\Documents\College\Seals2\YOLO\-master\Data\Source_Images\Test_Images\DJI_0999_2.jpg,487,700,520,750,0,0.0173331405967474,1000,750
DJI_0999_2.jpg,H:\Users\personal\Documents\College\Seals2\YOLO\-master\Data\Source_Images\Test_Images\DJI_0999_2.jpg,576,558,656,607,0,0.018304262310266495,1000,750
DJI_0999_2.jpg,H:\Users\personal\Documents\College\Seals2\YOLO\-master\Data\Source_Images\Test_Images\DJI_0999_2.jpg,658,217,808,373,0,0.01882953569293022,1000,750
DJI_0999_2.jpg,H:\Users\personal\Documents\College\Seals2\YOLO\-master\Data\Source_Images\Test_Images\DJI_0999_2.jpg,112,544,180,589,0,0.01915670931339264,1000,750
DJI_0999_2.jpg,H:\Users\personal\Documents\College\Seals2\YOLO\-master\Data\Source_Images\Test_Images\DJI_0999_2.jpg,772,463,833,514,0,0.020400894805788994,1000,750
DJI_0999_2.jpg,H:\Users\personal\Documents\College\Seals2\YOLO\-master\Data\Source_Images\Test_Images\DJI_0999_2.jpg,655,275,680,338,0,0.020526530221104622,1000,750
DJI_0999_2.jpg,H:\Users\personal\Documents\College\Seals2\YOLO\-master\Data\Source_Images\Test_Images\DJI_0999_2.jpg,5,123,69,166,0,0.02079165354371071,1000,750
DJI_0999_2.jpg,H:\Users\personal\Documents\College\Seals2\YOLO\-master\Data\Source_Images\Test_Images\DJI_0999_2.jpg,561,624,718,750,0,0.02117537520825863,1000,750
DJI_0999_2.jpg,H:\Users\personal\Documents\College\Seals2\YOLO\-master\Data\Source_Images\Test_Images\DJI_0999_2.jpg,585,0,647,47,0,0.022494319826364517,1000,750
DJI_0999_2.jpg,H:\Users\personal\Documents\College\Seals2\YOLO\-master\Data\Source_Images\Test_Images\DJI_0999_2.jpg,827,89,901,138,0,0.022771058604121208,1000,750
DJI_0999_2.jpg,H:\Users\personal\Documents\College\Seals2\YOLO\-master\Data\Source_Images\Test_Images\DJI_0999_2.jpg,0,455,12,489,0,0.023733433336019516,1000,750
DJI_0999_2.jpg,H:\Users\personal\Documents\College\Seals2\YOLO\-master\Data\Source_Images\Test_Images\DJI_0999_2.jpg,732,202,812,252,0,0.024080581963062286,1000,750
DJI_0999_2.jpg,H:\Users\personal\Documents\College\Seals2\YOLO\-master\Data\Source_Images\Test_Images\DJI_0999_2.jpg,363,615,377,657,0,0.024244096130132675,1000,750
DJI_0999_2.jpg,H:\Users\personal\Documents\College\Seals2\YOLO\-master\Data\Source_Images\Test_Images\DJI_0999_2.jpg,608,448,660,499,0,0.02479131892323494,1000,750
DJI_0999_2.jpg,H:\Users\personal\Documents\College\Seals2\YOLO\-master\Data\Source_Images\Test_Images\DJI_0999_2.jpg,0,676,18,707,0,0.024811595678329468,1000,750
DJI_0999_2.jpg,H:\Users\personal\Documents\College\Seals2\YOLO\-master\Data\Source_Images\Test_Images\DJI_0999_2.jpg,556,269,580,340,0,0.024845946580171585,1000,750
DJI_0999_2.jpg,H:\Users\personal\Documents\College\Seals2\YOLO\-master\Data\Source_Images\Test_Images\DJI_0999_2.jpg,31,76,80,122,0,0.025181183591485023,1000,750
DJI_0999_2.jpg,H:\Users\personal\Documents\College\Seals2\YOLO\-master\Data\Source_Images\Test_Images\DJI_0999_2.jpg,183,308,203,368,0,0.027919765561819077,1000,750
DJI_0999_2.jpg,H:\Users\personal\Documents\College\Seals2\YOLO\-master\Data\Source_Images\Test_Images\DJI_0999_2.jpg,274,631,360,668,0,0.02985196001827717,1000,750
DJI_0999_2.jpg,H:\Users\personal\Documents\College\Seals2\YOLO\-master\Data\Source_Images\Test_Images\DJI_0999_2.jpg,826,698,879,749,0,0.030359681695699692,1000,750
DJI_0999_2.jpg,H:\Users\personal\Documents\College\Seals2\YOLO\-master\Data\Source_Images\Test_Images\DJI_0999_2.jpg,294,532,322,553,0,0.03146349638700485,1000,750
DJI_0999_2.jpg,H:\Users\personal\Documents\College\Seals2\YOLO\-master\Data\Source_Images\Test_Images\DJI_0999_2.jpg,745,0,799,195,0,0.03155665472149849,1000,750
DJI_0999_2.jpg,H:\Users\personal\Documents\College\Seals2\YOLO\-master\Data\Source_Images\Test_Images\DJI_0999_2.jpg,259,29,294,56,0,0.031890619546175,1000,750
DJI_0999_2.jpg,H:\Users\personal\Documents\College\Seals2\YOLO\-master\Data\Source_Images\Test_Images\DJI_0999_2.jpg,929,120,966,173,0,0.03222404420375824,1000,750
DJI_0999_2.jpg,H:\Users\personal\Documents\College\Seals2\YOLO\-master\Data\Source_Images\Test_Images\DJI_0999_2.jpg,4,0,17,27,0,0.032996732741594315,1000,750
DJI_0999_2.jpg,H:\Users\personal\Documents\College\Seals2\YOLO\-master\Data\Source_Images\Test_Images\DJI_0999_2.jpg,101,298,159,342,0,0.035044535994529724,1000,750
DJI_0999_2.jpg,H:\Users\personal\Documents\College\Seals2\YOLO\-master\Data\Source_Images\Test_Images\DJI_0999_2.jpg,163,514,198,567,0,0.038288623094558716,1000,750
DJI_0999_2.jpg,H:\Users\personal\Documents\College\Seals2\YOLO\-master\Data\Source_Images\Test_Images\DJI_0999_2.jpg,201,10,225,65,0,0.03866593539714813,1000,750
DJI_0999_2.jpg,H:\Users\personal\Documents\College\Seals2\YOLO\-master\Data\Source_Images\Test_Images\DJI_0999_2.jpg,342,0,425,39,0,0.04075711593031883,1000,750
DJI_0999_2.jpg,H:\Users\personal\Documents\College\Seals2\YOLO\-master\Data\Source_Images\Test_Images\DJI_0999_2.jpg,621,649,647,709,0,0.04088959842920303,1000,750
DJI_0999_2.jpg,H:\Users\personal\Documents\College\Seals2\YOLO\-master\Data\Source_Images\Test_Images\DJI_0999_2.jpg,417,127,470,230,0,0.04228529706597328,1000,750
DJI_0999_2.jpg,H:\Users\personal\Documents\College\Seals2\YOLO\-master\Data\Source_Images\Test_Images\DJI_0999_2.jpg,555,455,615,536,0,0.04234381392598152,1000,750
DJI_0999_2.jpg,H:\Users\personal\Documents\College\Seals2\YOLO\-master\Data\Source_Images\Test_Images\DJI_0999_2.jpg,206,113,245,240,0,0.043546080589294434,1000,750
DJI_0999_2.jpg,H:\Users\personal\Documents\College\Seals2\YOLO\-master\Data\Source_Images\Test_Images\DJI_0999_2.jpg,860,490,906,595,0,0.04808995872735977,1000,750
DJI_0999_2.jpg,H:\Users\personal\Documents\College\Seals2\YOLO\-master\Data\Source_Images\Test_Images\DJI_0999_2.jpg,544,414,569,506,0,0.04809968173503876,1000,750
DJI_0999_2.jpg,H:\Users\personal\Documents\College\Seals2\YOLO\-master\Data\Source_Images\Test_Images\DJI_0999_2.jpg,423,580,502,624,0,0.04869474470615387,1000,750
DJI_0999_2.jpg,H:\Users\personal\Documents\College\Seals2\YOLO\-master\Data\Source_Images\Test_Images\DJI_0999_2.jpg,80,0,126,76,0,0.04940471798181534,1000,750
DJI_0999_2.jpg,H:\Users\personal\Documents\College\Seals2\YOLO\-master\Data\Source_Images\Test_Images\DJI_0999_2.jpg,510,276,543,338,0,0.051580123603343964,1000,750
DJI_0999_2.jpg,H:\Users\personal\Documents\College\Seals2\YOLO\-master\Data\Source_Images\Test_Images\DJI_0999_2.jpg,497,209,549,268,0,0.05503598600625992,1000,750
DJI_0999_2.jpg,H:\Users\personal\Documents\College\Seals2\YOLO\-master\Data\Source_Images\Test_Images\DJI_0999_2.jpg,950,314,1000,415,0,0.055443380028009415,1000,750
DJI_0999_2.jpg,H:\Users\personal\Documents\College\Seals2\YOLO\-master\Data\Source_Images\Test_Images\DJI_0999_2.jpg,164,115,217,214,0,0.05601867288351059,1000,750
DJI_0999_2.jpg,H:\Users\personal\Documents\College\Seals2\YOLO\-master\Data\Source_Images\Test_Images\DJI_0999_2.jpg,0,515,55,559,0,0.05726432055234909,1000,750
DJI_0999_2.jpg,H:\Users\personal\Documents\College\Seals2\YOLO\-master\Data\Source_Images\Test_Images\DJI_0999_2.jpg,416,0,447,52,0,0.059130311012268066,1000,750
DJI_0999_2.jpg,H:\Users\personal\Documents\College\Seals2\YOLO\-master\Data\Source_Images\Test_Images\DJI_0999_2.jpg,944,232,1000,281,0,0.06014108657836914,1000,750
DJI_0999_2.jpg,H:\Users\personal\Documents\College\Seals2\YOLO\-master\Data\Source_Images\Test_Images\DJI_0999_2.jpg,665,530,726,644,0,0.06162780523300171,1000,750
DJI_0999_2.jpg,H:\Users\personal\Documents\College\Seals2\YOLO\-master\Data\Source_Images\Test_Images\DJI_0999_2.jpg,316,232,358,347,0,0.06466413289308548,1000,750
DJI_0999_2.jpg,H:\Users\personal\Documents\College\Seals2\YOLO\-master\Data\Source_Images\Test_Images\DJI_0999_2.jpg,777,256,825,281,0,0.06593149900436401,1000,750
DJI_0999_2.jpg,H:\Users\personal\Documents\College\Seals2\YOLO\-master\Data\Source_Images\Test_Images\DJI_0999_2.jpg,474,643,539,676,0,0.0689491257071495,1000,750
DJI_0999_2.jpg,H:\Users\personal\Documents\College\Seals2\YOLO\-master\Data\Source_Images\Test_Images\DJI_0999_2.jpg,262,443,343,485,0,0.07658228278160095,1000,750
DJI_0999_2.jpg,H:\Users\personal\Documents\College\Seals2\YOLO\-master\Data\Source_Images\Test_Images\DJI_0999_2.jpg,479,155,533,208,0,0.0784841999411583,1000,750
DJI_0999_2.jpg,H:\Users\personal\Documents\College\Seals2\YOLO\-master\Data\Source_Images\Test_Images\DJI_0999_2.jpg,786,282,850,387,0,0.08622657507658005,1000,750
DJI_0999_2.jpg,H:\Users\personal\Documents\College\Seals2\YOLO\-master\Data\Source_Images\Test_Images\DJI_0999_2.jpg,936,402,988,447,0,0.0942135602235794,1000,750
DJI_0999_2.jpg,H:\Users\personal\Documents\College\Seals2\YOLO\-master\Data\Source_Images\Test_Images\DJI_0999_2.jpg,317,333,358,460,0,0.09886719286441803,1000,750
DJI_0999_2.jpg,H:\Users\personal\Documents\College\Seals2\YOLO\-master\Data\Source_Images\Test_Images\DJI_0999_2.jpg,265,217,313,358,0,0.10997330397367477,1000,750
DJI_0999_2.jpg,H:\Users\personal\Documents\College\Seals2\YOLO\-master\Data\Source_Images\Test_Images\DJI_0999_2.jpg,42,188,103,235,0,0.15272054076194763,1000,750
DJI_0999_2.jpg,H:\Users\personal\Documents\College\Seals2\YOLO\-master\Data\Source_Images\Test_Images\DJI_0999_2.jpg,792,0,846,123,0,0.15616019070148468,1000,750
